woo_product_id,woo_variation_id,producto_woo,categoria,sku_legacy_padre,sku_variacion_propio,talla,color_en_variacion,clase,woo_maneja_stock,woo_stock_qty,woo_stock_status,precio_regular,precio_oferta
128,440,Flats picudos con taches,ballerinas,,,35,,sin_sku,false,,instock,2800,
128,441,Flats picudos con taches,ballerinas,,,36,,sin_sku,false,,instock,2800,
128,442,Flats picudos con taches,ballerinas,,,37,,sin_sku,false,,instock,2800,
128,443,Flats picudos con taches,ballerinas,,,38,,sin_sku,false,,instock,2800,
128,444,Flats picudos con taches,ballerinas,,,39,,sin_sku,false,,instock,2800,
128,445,Flats picudos con taches,ballerinas,,,40,,sin_sku,false,,instock,2800,
129,428,Mafalda laser caramelo,ballerinas,,,35,,ambigua_color_cualquiera,false,,instock,2800.0,
129,429,Mafalda laser caramelo,ballerinas,,,36,,ambigua_color_cualquiera,false,,instock,2800.0,
129,430,Mafalda laser caramelo,ballerinas,,,37,,ambigua_color_cualquiera,false,,instock,2800.0,
129,431,Mafalda laser caramelo,ballerinas,,,38,,ambigua_color_cualquiera,false,,instock,2800.0,
129,432,Mafalda laser caramelo,ballerinas,,,39,,ambigua_color_cualquiera,false,,instock,2800.0,
129,433,Mafalda laser caramelo,ballerinas,,,40,,ambigua_color_cualquiera,false,,instock,2800.0,
130,422,Mules pepas,ballerinas,,,35,,sin_sku,false,,instock,2800.0,
130,423,Mules pepas,ballerinas,,,36,,sin_sku,false,,instock,2800.0,
130,424,Mules pepas,ballerinas,,,37,,sin_sku,false,,instock,2800.0,
130,425,Mules pepas,ballerinas,,,38,,sin_sku,false,,instock,2800.0,
130,426,Mules pepas,ballerinas,,,39,,sin_sku,false,,instock,2800.0,
130,427,Mules pepas,ballerinas,,,40,,sin_sku,false,,instock,2800.0,
131,398,Mules Colectiva,ballerinas,,,35,,ambigua_color_cualquiera,false,,instock,2800.0,
131,399,Mules Colectiva,ballerinas,,,36,,ambigua_color_cualquiera,false,,instock,2800.0,
131,400,Mules Colectiva,ballerinas,,,37,,ambigua_color_cualquiera,false,,instock,2800.0,
131,401,Mules Colectiva,ballerinas,,,38,,ambigua_color_cualquiera,false,,instock,2800.0,
131,402,Mules Colectiva,ballerinas,,,39,,ambigua_color_cualquiera,false,,instock,2800.0,
131,403,Mules Colectiva,ballerinas,,,40,,ambigua_color_cualquiera,false,,instock,2800.0,
131,404,Mules Colectiva,ballerinas,,,35,Taupe,multicolor_con_color,false,,instock,2800.0,
131,405,Mules Colectiva,ballerinas,,,36,Taupe,multicolor_con_color,false,,instock,2800.0,
131,406,Mules Colectiva,ballerinas,,,37,Taupe,multicolor_con_color,false,,instock,2800.0,
131,407,Mules Colectiva,ballerinas,,,38,Taupe,multicolor_con_color,false,,instock,2800.0,
131,408,Mules Colectiva,ballerinas,,,39,Taupe,multicolor_con_color,false,,instock,2800.0,
131,409,Mules Colectiva,ballerinas,,,40,Taupe,multicolor_con_color,false,,instock,2800.0,
131,410,Mules Colectiva,ballerinas,,,35,Verde,multicolor_con_color,false,,instock,2800.0,
131,411,Mules Colectiva,ballerinas,,,36,Verde,multicolor_con_color,false,,instock,2800.0,
131,412,Mules Colectiva,ballerinas,,,37,Verde,multicolor_con_color,false,,instock,2800.0,
131,413,Mules Colectiva,ballerinas,,,38,Verde,multicolor_con_color,false,,instock,2800.0,
131,414,Mules Colectiva,ballerinas,,,39,Verde,multicolor_con_color,false,,instock,2800.0,
131,415,Mules Colectiva,ballerinas,,,40,Verde,multicolor_con_color,false,,instock,2800.0,
131,416,Mules Colectiva,ballerinas,,,35,Vino,multicolor_con_color,false,,instock,2800.0,
131,417,Mules Colectiva,ballerinas,,,36,Vino,multicolor_con_color,false,,instock,2800.0,
131,418,Mules Colectiva,ballerinas,,,37,Vino,multicolor_con_color,false,,instock,2800.0,
131,419,Mules Colectiva,ballerinas,,,38,Vino,multicolor_con_color,false,,instock,2800.0,
131,420,Mules Colectiva,ballerinas,,,39,Vino,multicolor_con_color,false,,instock,2800.0,
131,421,Mules Colectiva,ballerinas,,,40,Vino,multicolor_con_color,false,,instock,2800.0,
132,392,Mafalda Animal Print,ballerinas,,,35,,sin_sku,false,,instock,2800.0,
132,393,Mafalda Animal Print,ballerinas,,,36,,sin_sku,false,,instock,2800.0,
132,394,Mafalda Animal Print,ballerinas,,,37,,sin_sku,false,,instock,2800.0,
132,395,Mafalda Animal Print,ballerinas,,,38,,sin_sku,false,,instock,2800.0,
132,396,Mafalda Animal Print,ballerinas,,,39,,sin_sku,false,,instock,2800.0,
132,397,Mafalda Animal Print,ballerinas,,,40,,sin_sku,false,,instock,2800.0,
133,386,Mafalda leopardo cruzado,ballerinas,,,35,,sin_sku,false,,instock,2800.0,
133,387,Mafalda leopardo cruzado,ballerinas,,,36,,sin_sku,false,,instock,2800.0,
133,388,Mafalda leopardo cruzado,ballerinas,,,37,,sin_sku,false,,instock,2800.0,
133,389,Mafalda leopardo cruzado,ballerinas,,,38,,sin_sku,false,,instock,2800.0,
133,390,Mafalda leopardo cruzado,ballerinas,,,39,,sin_sku,false,,instock,2800.0,
133,391,Mafalda leopardo cruzado,ballerinas,,,40,,sin_sku,false,,instock,2800.0,
134,380,Moneditas Paula,ballerinas,,,35,,sin_sku,false,,instock,2800.0,
134,381,Moneditas Paula,ballerinas,,,36,,sin_sku,false,,instock,2800.0,
134,382,Moneditas Paula,ballerinas,,,37,,sin_sku,false,,instock,2800.0,
134,383,Moneditas Paula,ballerinas,,,38,,sin_sku,false,,instock,2800.0,
134,384,Moneditas Paula,ballerinas,,,39,,sin_sku,false,,instock,2800.0,
134,385,Moneditas Paula,ballerinas,,,40,,sin_sku,false,,instock,2800.0,
135,374,ByL puntudo,ballerinas,,,35,,ambigua_color_cualquiera,false,,instock,2800.0,
135,375,ByL puntudo,ballerinas,,,36,,ambigua_color_cualquiera,false,,instock,2800.0,
135,376,ByL puntudo,ballerinas,,,37,,ambigua_color_cualquiera,false,,instock,2800.0,
135,377,ByL puntudo,ballerinas,,,38,,ambigua_color_cualquiera,false,,instock,2800.0,
135,378,ByL puntudo,ballerinas,,,39,,ambigua_color_cualquiera,false,,instock,2800.0,
135,379,ByL puntudo,ballerinas,,,40,,ambigua_color_cualquiera,false,,instock,2800.0,
136,368,Picudos estoperoles,ballerinas,,,35,,sin_sku,false,,instock,2800.0,
136,369,Picudos estoperoles,ballerinas,,,36,,sin_sku,false,,instock,2800.0,
136,370,Picudos estoperoles,ballerinas,,,37,,sin_sku,false,,instock,2800.0,
136,371,Picudos estoperoles,ballerinas,,,38,,sin_sku,false,,instock,2800.0,
136,372,Picudos estoperoles,ballerinas,,,39,,sin_sku,false,,instock,2800.0,
136,373,Picudos estoperoles,ballerinas,,,40,,sin_sku,false,,instock,2800.0,
138,356,Mafalda Laser Capellada alta,ballerinas,,,35,,sin_sku,false,,instock,2800.0,
138,357,Mafalda Laser Capellada alta,ballerinas,,,36,,sin_sku,false,,instock,2800.0,
138,358,Mafalda Laser Capellada alta,ballerinas,,,37,,sin_sku,false,,instock,2800.0,
138,359,Mafalda Laser Capellada alta,ballerinas,,,38,,sin_sku,false,,instock,2800.0,
138,360,Mafalda Laser Capellada alta,ballerinas,,,39,,sin_sku,false,,instock,2800.0,
138,361,Mafalda Laser Capellada alta,ballerinas,,,40,,sin_sku,false,,instock,2800.0,
139,350,Ballerinas coquette,ballerinas,,,35,,sin_sku,false,,instock,2800.0,
139,351,Ballerinas coquette,ballerinas,,,36,,sin_sku,false,,instock,2800.0,
139,352,Ballerinas coquette,ballerinas,,,37,,sin_sku,false,,instock,2800.0,
139,353,Ballerinas coquette,ballerinas,,,38,,sin_sku,false,,instock,2800.0,
139,354,Ballerinas coquette,ballerinas,,,39,,sin_sku,false,,instock,2800.0,
139,355,Ballerinas coquette,ballerinas,,,40,,sin_sku,false,,instock,2800.0,
140,344,Ballerinas taches destalonadas,ballerinas,,,35,,sin_sku,false,,instock,2800.0,
140,345,Ballerinas taches destalonadas,ballerinas,,,36,,sin_sku,false,,instock,2800.0,
140,346,Ballerinas taches destalonadas,ballerinas,,,37,,sin_sku,false,,instock,2800.0,
140,347,Ballerinas taches destalonadas,ballerinas,,,38,,sin_sku,false,,instock,2800.0,
140,348,Ballerinas taches destalonadas,ballerinas,,,39,,sin_sku,false,,instock,2800.0,
140,349,Ballerinas taches destalonadas,ballerinas,,,40,,sin_sku,false,,instock,2800.0,
141,338,Mafalda Denim,ballerinas,,,35,,sin_sku,false,,instock,2800.0,
141,339,Mafalda Denim,ballerinas,,,36,,sin_sku,false,,instock,2800.0,
141,340,Mafalda Denim,ballerinas,,,37,,sin_sku,false,,instock,2800.0,
141,341,Mafalda Denim,ballerinas,,,38,,sin_sku,false,,instock,2800.0,
141,342,Mafalda Denim,ballerinas,,,39,,sin_sku,false,,instock,2800.0,
141,343,Mafalda Denim,ballerinas,,,40,,sin_sku,false,,instock,2800.0,
142,332,Mafalda estoperoles,ballerinas,,,35,,sin_sku,false,,instock,2800.0,
142,333,Mafalda estoperoles,ballerinas,,,36,,sin_sku,false,,instock,2800.0,
142,334,Mafalda estoperoles,ballerinas,,,37,,sin_sku,false,,instock,2800.0,
142,335,Mafalda estoperoles,ballerinas,,,38,,sin_sku,false,,instock,2800.0,
142,336,Mafalda estoperoles,ballerinas,,,39,,sin_sku,false,,instock,2800.0,
142,337,Mafalda estoperoles,ballerinas,,,40,,sin_sku,false,,instock,2800.0,
143,326,Mafalda Taches,ballerinas,,,35,,sin_sku,false,,instock,2800.0,
143,327,Mafalda Taches,ballerinas,,,36,,sin_sku,false,,instock,2800.0,
143,328,Mafalda Taches,ballerinas,,,37,,sin_sku,false,,instock,2800.0,
143,329,Mafalda Taches,ballerinas,,,38,,sin_sku,false,,instock,2800.0,
143,330,Mafalda Taches,ballerinas,,,39,,sin_sku,false,,instock,2800.0,
143,331,Mafalda Taches,ballerinas,,,40,,sin_sku,false,,instock,2800.0,
144,320,Botas cortas cafes,botas,,,35,,sin_sku,false,,instock,4200,
144,321,Botas cortas cafes,botas,,,36,,sin_sku,false,,instock,4200,
144,322,Botas cortas cafes,botas,,,37,,sin_sku,false,,instock,4200,
144,323,Botas cortas cafes,botas,,,38,,sin_sku,false,,instock,4200,
144,324,Botas cortas cafes,botas,,,39,,sin_sku,false,,instock,4200,
144,325,Botas cortas cafes,botas,,,40,,sin_sku,false,,instock,4200,
145,314,Botas Largas Cafes,botas,,,35,,sin_sku,false,,instock,4200,
145,315,Botas Largas Cafes,botas,,,36,,sin_sku,false,,instock,4200,
145,316,Botas Largas Cafes,botas,,,37,,sin_sku,false,,instock,4200,
145,317,Botas Largas Cafes,botas,,,38,,sin_sku,false,,instock,4200,
145,318,Botas Largas Cafes,botas,,,39,,sin_sku,false,,instock,4200,
145,319,Botas Largas Cafes,botas,,,40,,sin_sku,false,,instock,4200,
146,308,Botas Largas Negras,botas,,,35,,sin_sku,false,,instock,4200,
146,309,Botas Largas Negras,botas,,,36,,sin_sku,false,,instock,4200,
146,310,Botas Largas Negras,botas,,,37,,sin_sku,false,,instock,4200,
146,311,Botas Largas Negras,botas,,,38,,sin_sku,false,,instock,4200,
146,312,Botas Largas Negras,botas,,,39,,sin_sku,false,,instock,4200,
146,313,Botas Largas Negras,botas,,,40,,sin_sku,false,,instock,4200,
147,296,Botas Negras cortas,botas,,,35,,sin_sku,false,,instock,4200,
147,297,Botas Negras cortas,botas,,,36,,sin_sku,false,,instock,4200,
147,298,Botas Negras cortas,botas,,,37,,sin_sku,false,,instock,4200,
147,299,Botas Negras cortas,botas,,,38,,sin_sku,false,,instock,4200,
147,300,Botas Negras cortas,botas,,,39,,sin_sku,false,,instock,4200,
147,301,Botas Negras cortas,botas,,,40,,sin_sku,false,,instock,4200,
149,302,Tacon PR,sandalia-alta,,,35,,sin_sku,false,,instock,3000,
149,303,Tacon PR,sandalia-alta,,,36,,sin_sku,false,,instock,3000,
149,304,Tacon PR,sandalia-alta,,,37,,sin_sku,false,,instock,3000,
149,305,Tacon PR,sandalia-alta,,,38,,sin_sku,false,,instock,3000,
149,306,Tacon PR,sandalia-alta,,,39,,sin_sku,false,,instock,3000,
149,307,Tacon PR,sandalia-alta,,,40,,sin_sku,false,,instock,3000,
150,290,Plataforma araña,sandalia-alta,,,35,,sin_sku,false,,instock,3000,
150,291,Plataforma araña,sandalia-alta,,,36,,sin_sku,false,,instock,3000,
150,292,Plataforma araña,sandalia-alta,,,37,,sin_sku,false,,instock,3000,
150,293,Plataforma araña,sandalia-alta,,,38,,sin_sku,false,,instock,3000,
150,294,Plataforma araña,sandalia-alta,,,39,,sin_sku,false,,instock,3000,
150,295,Plataforma araña,sandalia-alta,,,40,,sin_sku,false,,instock,3000,
151,249,Plataforma Marcela,sandalia-alta,,,35,,sin_sku,false,,instock,3000,
151,250,Plataforma Marcela,sandalia-alta,,,36,,sin_sku,false,,instock,3000,
151,251,Plataforma Marcela,sandalia-alta,,,37,,sin_sku,false,,instock,3000,
151,252,Plataforma Marcela,sandalia-alta,,,38,,sin_sku,false,,instock,3000,
151,253,Plataforma Marcela,sandalia-alta,,,39,,sin_sku,false,,instock,3000,
151,254,Plataforma Marcela,sandalia-alta,,,40,,sin_sku,false,,instock,3000,
152,243,Plataforma Vaca,sandalia-alta,,,35,,sin_sku,false,,instock,3000,
152,244,Plataforma Vaca,sandalia-alta,,,36,,sin_sku,false,,instock,3000,
152,245,Plataforma Vaca,sandalia-alta,,,37,,sin_sku,false,,instock,3000,
152,246,Plataforma Vaca,sandalia-alta,,,38,,sin_sku,false,,instock,3000,
152,247,Plataforma Vaca,sandalia-alta,,,39,,sin_sku,false,,instock,3000,
152,248,Plataforma Vaca,sandalia-alta,,,40,,sin_sku,false,,instock,3000,
153,2262,Sandalia pelo,sandalia-plana,,,35,,sin_sku,false,,instock,2800,
153,2263,Sandalia pelo,sandalia-plana,,,36,,sin_sku,false,,instock,2800,
153,2264,Sandalia pelo,sandalia-plana,,,37,,sin_sku,false,,instock,2800,
153,2265,Sandalia pelo,sandalia-plana,,,38,,sin_sku,false,,instock,2800,
153,2266,Sandalia pelo,sandalia-plana,,,39,,sin_sku,false,,instock,2800,
153,2267,Sandalia pelo,sandalia-plana,,,40,,sin_sku,false,,instock,2800,
446,447,Paula plata con verde,ballerinas,BALL-PAULA-PLT,,35,,limpio,false,,instock,2800.0,
446,448,Paula plata con verde,ballerinas,BALL-PAULA-PLT,,36,,limpio,false,,instock,2800.0,
446,449,Paula plata con verde,ballerinas,BALL-PAULA-PLT,,37,,limpio,false,,instock,2800.0,
446,450,Paula plata con verde,ballerinas,BALL-PAULA-PLT,,38,,limpio,false,,instock,2800.0,
446,451,Paula plata con verde,ballerinas,BALL-PAULA-PLT,,39,,limpio,false,,instock,2800.0,
446,452,Paula plata con verde,ballerinas,BALL-PAULA-PLT,,40,,limpio,false,,instock,2800.0,
453,454,Paula blanco con negro,ballerinas,BALL-PAULA-BCO,,35,,limpio,false,,instock,2800.0,
453,455,Paula blanco con negro,ballerinas,BALL-PAULA-BCO,,36,,limpio,false,,instock,2800.0,
453,456,Paula blanco con negro,ballerinas,BALL-PAULA-BCO,,37,,limpio,false,,instock,2800.0,
453,457,Paula blanco con negro,ballerinas,BALL-PAULA-BCO,,38,,limpio,false,,instock,2800.0,
453,458,Paula blanco con negro,ballerinas,BALL-PAULA-BCO,,39,,limpio,false,,instock,2800.0,
453,459,Paula blanco con negro,ballerinas,BALL-PAULA-BCO,,40,,limpio,false,,instock,2800.0,
460,461,Suecos cucarrones taupe,ballerinas,SUE-CUCARRON-TPE,,35,,limpio,false,,instock,2800.0,
460,462,Suecos cucarrones taupe,ballerinas,SUE-CUCARRON-TPE,,36,,limpio,false,,instock,2800.0,
460,463,Suecos cucarrones taupe,ballerinas,SUE-CUCARRON-TPE,,37,,limpio,false,,instock,2800.0,
460,464,Suecos cucarrones taupe,ballerinas,SUE-CUCARRON-TPE,,38,,limpio,false,,instock,2800.0,
460,465,Suecos cucarrones taupe,ballerinas,SUE-CUCARRON-TPE,,39,,limpio,false,,instock,2800.0,
460,466,Suecos cucarrones taupe,ballerinas,SUE-CUCARRON-TPE,,40,,limpio,false,,instock,2800.0,
467,468,Paula leopardo,ballerinas,BALL-PAULA-LPD,,35,,limpio,false,,instock,2800.0,
467,486,Paula leopardo,ballerinas,BALL-PAULA-LPD,,36,,limpio,false,,instock,2800.0,
467,487,Paula leopardo,ballerinas,BALL-PAULA-LPD,,37,,limpio,false,,instock,2800.0,
467,488,Paula leopardo,ballerinas,BALL-PAULA-LPD,,38,,limpio,false,,instock,2800.0,
467,489,Paula leopardo,ballerinas,BALL-PAULA-LPD,,39,,limpio,false,,instock,2800.0,
467,490,Paula leopardo,ballerinas,BALL-PAULA-LPD,,40,,limpio,false,,instock,2800.0,
491,492,Paula Vino con negro,ballerinas,BALL-PAULA-VNO,,35,,limpio,false,,instock,2800.0,
491,493,Paula Vino con negro,ballerinas,BALL-PAULA-VNO,,36,,limpio,false,,instock,2800.0,
491,494,Paula Vino con negro,ballerinas,BALL-PAULA-VNO,,37,,limpio,false,,instock,2800.0,
491,495,Paula Vino con negro,ballerinas,BALL-PAULA-VNO,,38,,limpio,false,,instock,2800.0,
491,496,Paula Vino con negro,ballerinas,BALL-PAULA-VNO,,39,,limpio,false,,instock,2800.0,
491,497,Paula Vino con negro,ballerinas,BALL-PAULA-VNO,,40,,limpio,false,,instock,2800.0,
498,499,Tacon RMX,sandalia-alta,,,35,,sin_sku,false,,instock,3000,
498,500,Tacon RMX,sandalia-alta,,,36,,sin_sku,false,,instock,3000,
498,501,Tacon RMX,sandalia-alta,,,37,,sin_sku,false,,instock,3000,
498,502,Tacon RMX,sandalia-alta,,,38,,sin_sku,false,,instock,3000,
498,503,Tacon RMX,sandalia-alta,,,39,,sin_sku,false,,instock,3000,
498,504,Tacon RMX,sandalia-alta,,,40,,sin_sku,false,,instock,3000,
505,506,Plataforma trenza ancha,sandalia-alta,,,35,,sin_sku,false,,instock,3000,
505,507,Plataforma trenza ancha,sandalia-alta,,,36,,sin_sku,false,,instock,3000,
505,508,Plataforma trenza ancha,sandalia-alta,,,37,,sin_sku,false,,instock,3000,
505,509,Plataforma trenza ancha,sandalia-alta,,,38,,sin_sku,false,,instock,3000,
505,510,Plataforma trenza ancha,sandalia-alta,,,39,,sin_sku,false,,instock,3000,
505,511,Plataforma trenza ancha,sandalia-alta,,,40,,sin_sku,false,,instock,3000,
512,513,Plataforma entrelazada,sandalia-alta,,,35,,sin_sku,false,,instock,3000,
512,514,Plataforma entrelazada,sandalia-alta,,,36,,sin_sku,false,,instock,3000,
512,515,Plataforma entrelazada,sandalia-alta,,,37,,sin_sku,false,,instock,3000,
512,532,Plataforma entrelazada,sandalia-alta,,,38,,sin_sku,false,,instock,3000,
512,533,Plataforma entrelazada,sandalia-alta,,,39,,sin_sku,false,,instock,3000,
512,534,Plataforma entrelazada,sandalia-alta,,,40,,sin_sku,false,,instock,3000,
535,536,Plataforma moño,sandalia-alta,,,35,,sin_sku,false,,instock,3000,
535,537,Plataforma moño,sandalia-alta,,,36,,sin_sku,false,,instock,3000,
535,538,Plataforma moño,sandalia-alta,,,37,,sin_sku,false,,instock,3000,
535,539,Plataforma moño,sandalia-alta,,,38,,sin_sku,false,,instock,3000,
535,540,Plataforma moño,sandalia-alta,,,39,,sin_sku,false,,instock,3000,
535,541,Plataforma moño,sandalia-alta,,,40,,sin_sku,false,,instock,3000,
542,543,Tacones plata elegantes,sandalia-alta,,,35,,sin_sku,false,,instock,3000,
542,544,Tacones plata elegantes,sandalia-alta,,,36,,sin_sku,false,,instock,3000,
542,545,Tacones plata elegantes,sandalia-alta,,,37,,sin_sku,false,,instock,3000,
542,546,Tacones plata elegantes,sandalia-alta,,,38,,sin_sku,false,,instock,3000,
542,547,Tacones plata elegantes,sandalia-alta,,,39,,sin_sku,false,,instock,3000,
542,548,Tacones plata elegantes,sandalia-alta,,,40,,sin_sku,false,,instock,3000,
549,550,Tacon RMX Hebilla,sandalia-alta,,,35,,sin_sku,false,,instock,3000,
549,551,Tacon RMX Hebilla,sandalia-alta,,,36,,sin_sku,false,,instock,3000,
549,552,Tacon RMX Hebilla,sandalia-alta,,,37,,sin_sku,false,,instock,3000,
549,553,Tacon RMX Hebilla,sandalia-alta,,,38,,sin_sku,false,,instock,3000,
549,554,Tacon RMX Hebilla,sandalia-alta,,,39,,sin_sku,false,,instock,3000,
549,555,Tacon RMX Hebilla,sandalia-alta,,,40,,sin_sku,false,,instock,3000,
556,557,Sandalias moneditas,sandalia-plana,,,35,,sin_sku,false,,instock,2800,
556,558,Sandalias moneditas,sandalia-plana,,,36,,sin_sku,false,,instock,2800,
556,559,Sandalias moneditas,sandalia-plana,,,37,,sin_sku,false,,instock,2800,
556,560,Sandalias moneditas,sandalia-plana,,,38,,sin_sku,false,,instock,2800,
556,561,Sandalias moneditas,sandalia-plana,,,39,,sin_sku,false,,instock,2800,
556,578,Sandalias moneditas,sandalia-plana,,,40,,sin_sku,false,,instock,2800,
579,580,Sandalias tiras amarrar,sandalia-plana,,,35,,sin_sku,false,,instock,2800,
579,581,Sandalias tiras amarrar,sandalia-plana,,,36,,sin_sku,false,,instock,2800,
579,582,Sandalias tiras amarrar,sandalia-plana,,,37,,sin_sku,false,,instock,2800,
579,583,Sandalias tiras amarrar,sandalia-plana,,,38,,sin_sku,false,,instock,2800,
579,584,Sandalias tiras amarrar,sandalia-plana,,,39,,sin_sku,false,,instock,2800,
579,585,Sandalias tiras amarrar,sandalia-plana,,,40,,sin_sku,false,,instock,2800,
586,587,Sandalia flor beige,sandalia-plana,,,35,,sin_sku,false,,instock,2800,
586,588,Sandalia flor beige,sandalia-plana,,,36,,sin_sku,false,,instock,2800,
586,589,Sandalia flor beige,sandalia-plana,,,37,,sin_sku,false,,instock,2800,
586,590,Sandalia flor beige,sandalia-plana,,,38,,sin_sku,false,,instock,2800,
586,591,Sandalia flor beige,sandalia-plana,,,39,,sin_sku,false,,instock,2800,
586,592,Sandalia flor beige,sandalia-plana,,,40,,sin_sku,false,,instock,2800,
593,594,Sandalia flor rojas,sandalia-plana,,,35,,sin_sku,false,,instock,2800,1680
593,595,Sandalia flor rojas,sandalia-plana,,,36,,sin_sku,false,,instock,2800,1680
593,596,Sandalia flor rojas,sandalia-plana,,,37,,sin_sku,false,,instock,2800,1680
593,597,Sandalia flor rojas,sandalia-plana,,,38,,sin_sku,false,,instock,2800,1680
593,598,Sandalia flor rojas,sandalia-plana,,,39,,sin_sku,false,,instock,2800,1680
593,599,Sandalia flor rojas,sandalia-plana,,,40,,sin_sku,false,,instock,2800,1680
600,601,Sandalia flor verdes,sandalia-plana,,,35,,sin_sku,false,,instock,2800,
600,602,Sandalia flor verdes,sandalia-plana,,,36,,sin_sku,false,,instock,2800,
600,603,Sandalia flor verdes,sandalia-plana,,,37,,sin_sku,false,,instock,2800,
600,604,Sandalia flor verdes,sandalia-plana,,,38,,sin_sku,false,,instock,2800,
600,605,Sandalia flor verdes,sandalia-plana,,,39,,sin_sku,false,,instock,2800,
600,606,Sandalia flor verdes,sandalia-plana,,,40,,sin_sku,false,,instock,2800,
607,628,Sandalia de cuadros,sandalia-plana,,,35,,sin_sku,false,,instock,2800,
607,629,Sandalia de cuadros,sandalia-plana,,,36,,sin_sku,false,,instock,2800,
607,630,Sandalia de cuadros,sandalia-plana,,,37,,sin_sku,false,,instock,2800,
607,631,Sandalia de cuadros,sandalia-plana,,,38,,sin_sku,false,,instock,2800,
607,632,Sandalia de cuadros,sandalia-plana,,,39,,sin_sku,false,,instock,2800,
607,633,Sandalia de cuadros,sandalia-plana,,,40,,sin_sku,false,,instock,2800,
634,635,Sandalia flor CH,sandalia-plana,,,35,,sin_sku,false,,instock,2800,
634,636,Sandalia flor CH,sandalia-plana,,,36,,sin_sku,false,,instock,2800,
634,637,Sandalia flor CH,sandalia-plana,,,37,,sin_sku,false,,instock,2800,
634,638,Sandalia flor CH,sandalia-plana,,,38,,sin_sku,false,,instock,2800,
634,639,Sandalia flor CH,sandalia-plana,,,39,,sin_sku,false,,instock,2800,
634,640,Sandalia flor CH,sandalia-plana,,,40,,sin_sku,false,,instock,2800,
641,642,Paula dorado con ocre,ballerinas,BALL-PAULA-DRA,,35,,limpio,false,,instock,2800.0,
641,643,Paula dorado con ocre,ballerinas,BALL-PAULA-DRA,,36,,limpio,false,,instock,2800.0,
641,644,Paula dorado con ocre,ballerinas,BALL-PAULA-DRA,,37,,limpio,false,,instock,2800.0,
641,645,Paula dorado con ocre,ballerinas,BALL-PAULA-DRA,,38,,limpio,false,,instock,2800.0,
641,646,Paula dorado con ocre,ballerinas,BALL-PAULA-DRA,,39,,limpio,false,,instock,2800.0,
641,647,Paula dorado con ocre,ballerinas,BALL-PAULA-DRA,,40,,limpio,false,,instock,2800.0,
648,649,Paula verde aceituna,ballerinas,BALL-PAULA-VDE,,35,,limpio,false,,instock,2800.0,
648,650,Paula verde aceituna,ballerinas,BALL-PAULA-VDE,,36,,limpio,false,,instock,2800.0,
648,651,Paula verde aceituna,ballerinas,BALL-PAULA-VDE,,37,,limpio,false,,instock,2800.0,
648,652,Paula verde aceituna,ballerinas,BALL-PAULA-VDE,,38,,limpio,false,,instock,2800.0,
648,653,Paula verde aceituna,ballerinas,BALL-PAULA-VDE,,39,,limpio,false,,instock,2800.0,
648,654,Paula verde aceituna,ballerinas,BALL-PAULA-VDE,,40,,limpio,false,,instock,2800.0,
655,656,Paula azul marino,ballerinas,BALL-PAULA-AZL,,35,,limpio,false,,instock,2800.0,
655,657,Paula azul marino,ballerinas,BALL-PAULA-AZL,,36,,limpio,false,,instock,2800.0,
655,676,Paula azul marino,ballerinas,BALL-PAULA-AZL,,37,,limpio,false,,instock,2800.0,
655,677,Paula azul marino,ballerinas,BALL-PAULA-AZL,,38,,limpio,false,,instock,2800.0,
655,678,Paula azul marino,ballerinas,BALL-PAULA-AZL,,39,,limpio,false,,instock,2800.0,
655,679,Paula azul marino,ballerinas,BALL-PAULA-AZL,,40,,limpio,false,,instock,2800.0,
680,681,Paula beige con talco,ballerinas,BALL-PAULA-BGE,,35,,limpio,false,,instock,2800.0,
680,682,Paula beige con talco,ballerinas,BALL-PAULA-BGE,,36,,limpio,false,,instock,2800.0,
680,683,Paula beige con talco,ballerinas,BALL-PAULA-BGE,,37,,limpio,false,,instock,2800.0,
680,684,Paula beige con talco,ballerinas,BALL-PAULA-BGE,,38,,limpio,false,,instock,2800.0,
680,685,Paula beige con talco,ballerinas,BALL-PAULA-BGE,,39,,limpio,false,,instock,2800.0,
680,686,Paula beige con talco,ballerinas,BALL-PAULA-BGE,,40,,limpio,false,,instock,2800.0,
687,688,Cucarron láser taupe,ballerinas,BALL-CUCARRON-LSR-TPE,,35,,limpio,false,,instock,2800.0,
687,689,Cucarron láser taupe,ballerinas,BALL-CUCARRON-LSR-TPE,,36,,limpio,false,,instock,2800.0,
687,690,Cucarron láser taupe,ballerinas,BALL-CUCARRON-LSR-TPE,,37,,limpio,false,,instock,2800.0,
687,691,Cucarron láser taupe,ballerinas,BALL-CUCARRON-LSR-TPE,,38,,limpio,false,,instock,2800.0,
687,692,Cucarron láser taupe,ballerinas,BALL-CUCARRON-LSR-TPE,,39,,limpio,false,,instock,2800.0,
687,693,Cucarron láser taupe,ballerinas,BALL-CUCARRON-LSR-TPE,,40,,limpio,false,,instock,2800.0,
694,695,Paula café,ballerinas,BALL-PAULA-CFE,,35,,limpio,false,,instock,2800.0,
694,696,Paula café,ballerinas,BALL-PAULA-CFE,,36,,limpio,false,,instock,2800.0,
694,697,Paula café,ballerinas,BALL-PAULA-CFE,,37,,limpio,false,,instock,2800.0,
694,698,Paula café,ballerinas,BALL-PAULA-CFE,,38,,limpio,false,,instock,2800.0,
694,699,Paula café,ballerinas,BALL-PAULA-CFE,,39,,limpio,false,,instock,2800.0,
694,700,Paula café,ballerinas,BALL-PAULA-CFE,,40,,limpio,false,,instock,2800.0,
701,702,Paula gamuza vino,ballerinas,BALL-PAULA-GMZ-VNO,,35,,limpio,false,,instock,2800.0,
701,703,Paula gamuza vino,ballerinas,BALL-PAULA-GMZ-VNO,,36,,limpio,false,,instock,2800.0,
701,704,Paula gamuza vino,ballerinas,BALL-PAULA-GMZ-VNO,,37,,limpio,false,,instock,2800.0,
701,705,Paula gamuza vino,ballerinas,BALL-PAULA-GMZ-VNO,,38,,limpio,false,,instock,2800.0,
701,724,Paula gamuza vino,ballerinas,BALL-PAULA-GMZ-VNO,,39,,limpio,false,,instock,2800.0,
701,725,Paula gamuza vino,ballerinas,BALL-PAULA-GMZ-VNO,,40,,limpio,false,,instock,2800.0,
726,727,Cucarron láser caramelo,ballerinas,BALL-CUCARRON-LSR-CML,,35,,limpio,false,,instock,2800.0,
726,728,Cucarron láser caramelo,ballerinas,BALL-CUCARRON-LSR-CML,,36,,limpio,false,,instock,2800.0,
726,729,Cucarron láser caramelo,ballerinas,BALL-CUCARRON-LSR-CML,,37,,limpio,false,,instock,2800.0,
726,730,Cucarron láser caramelo,ballerinas,BALL-CUCARRON-LSR-CML,,38,,limpio,false,,instock,2800.0,
726,731,Cucarron láser caramelo,ballerinas,BALL-CUCARRON-LSR-CML,,39,,limpio,false,,instock,2800.0,
726,732,Cucarron láser caramelo,ballerinas,BALL-CUCARRON-LSR-CML,,40,,limpio,false,,instock,2800.0,
733,734,Cucarron láser talco,ballerinas,BALL-CUCARRON-LSR-TCO,,35,,limpio,false,,instock,2800.0,
733,735,Cucarron láser talco,ballerinas,BALL-CUCARRON-LSR-TCO,,36,,limpio,false,,instock,2800.0,
733,736,Cucarron láser talco,ballerinas,BALL-CUCARRON-LSR-TCO,,37,,limpio,false,,instock,2800.0,
733,737,Cucarron láser talco,ballerinas,BALL-CUCARRON-LSR-TCO,,38,,limpio,false,,instock,2800.0,
733,738,Cucarron láser talco,ballerinas,BALL-CUCARRON-LSR-TCO,,39,,limpio,false,,instock,2800.0,
733,739,Cucarron láser talco,ballerinas,BALL-CUCARRON-LSR-TCO,,40,,limpio,false,,instock,2800.0,
740,741,Cucarron láser negro,ballerinas,BALL-CUCARRON-LSR-NGO,,35,,limpio,false,,instock,2800.0,
740,742,Cucarron láser negro,ballerinas,BALL-CUCARRON-LSR-NGO,,36,,limpio,false,,instock,2800.0,
740,743,Cucarron láser negro,ballerinas,BALL-CUCARRON-LSR-NGO,,37,,limpio,false,,instock,2800.0,
740,744,Cucarron láser negro,ballerinas,BALL-CUCARRON-LSR-NGO,,38,,limpio,false,,instock,2800.0,
740,745,Cucarron láser negro,ballerinas,BALL-CUCARRON-LSR-NGO,,39,,limpio,false,,instock,2800.0,
740,746,Cucarron láser negro,ballerinas,BALL-CUCARRON-LSR-NGO,,40,,limpio,false,,instock,2800.0,
747,748,Cucarron denim,ballerinas,BALL-CUCARRON-DMN,,35,,limpio,false,,instock,2800.0,
747,749,Cucarron denim,ballerinas,BALL-CUCARRON-DMN,,36,,limpio,false,,instock,2800.0,
747,750,Cucarron denim,ballerinas,BALL-CUCARRON-DMN,,37,,limpio,false,,instock,2800.0,
747,751,Cucarron denim,ballerinas,BALL-CUCARRON-DMN,,38,,limpio,false,,instock,2800.0,
747,752,Cucarron denim,ballerinas,BALL-CUCARRON-DMN,,39,,limpio,false,,instock,2800.0,
747,753,Cucarron denim,ballerinas,BALL-CUCARRON-DMN,,40,,limpio,false,,instock,2800.0,
782,783,Cucarron miel,ballerinas,BALL-CUCARRON-MEL,,35,,limpio,false,,instock,2800.0,
782,784,Cucarron miel,ballerinas,BALL-CUCARRON-MEL,,36,,limpio,false,,instock,2800.0,
782,785,Cucarron miel,ballerinas,BALL-CUCARRON-MEL,,37,,limpio,false,,instock,2800.0,
782,786,Cucarron miel,ballerinas,BALL-CUCARRON-MEL,,38,,limpio,false,,instock,2800.0,
782,787,Cucarron miel,ballerinas,BALL-CUCARRON-MEL,,39,,limpio,false,,instock,2800.0,
782,788,Cucarron miel,ballerinas,BALL-CUCARRON-MEL,,40,,limpio,false,,instock,2800.0,
789,790,Cucarron nude,ballerinas,BALL-CUCARRON-NDE,,35,,limpio,false,,instock,2800.0,
789,791,Cucarron nude,ballerinas,BALL-CUCARRON-NDE,,36,,limpio,false,,instock,2800.0,
789,792,Cucarron nude,ballerinas,BALL-CUCARRON-NDE,,37,,limpio,false,,instock,2800.0,
789,793,Cucarron nude,ballerinas,BALL-CUCARRON-NDE,,38,,limpio,false,,instock,2800.0,
789,794,Cucarron nude,ballerinas,BALL-CUCARRON-NDE,,39,,limpio,false,,instock,2800.0,
789,795,Cucarron nude,ballerinas,BALL-CUCARRON-NDE,,40,,limpio,false,,instock,2800.0,
796,797,Cucarron verde,ballerinas,BALL-CUCARRON-VDE,,35,,limpio,false,,instock,2800.0,
796,798,Cucarron verde,ballerinas,BALL-CUCARRON-VDE,,36,,limpio,false,,instock,2800.0,
796,799,Cucarron verde,ballerinas,BALL-CUCARRON-VDE,,37,,limpio,false,,instock,2800.0,
796,800,Cucarron verde,ballerinas,BALL-CUCARRON-VDE,,38,,limpio,false,,instock,2800.0,
796,801,Cucarron verde,ballerinas,BALL-CUCARRON-VDE,,39,,limpio,false,,instock,2800.0,
796,802,Cucarron verde,ballerinas,BALL-CUCARRON-VDE,,40,,limpio,false,,instock,2800.0,
803,804,Cucarron vino,ballerinas,BALL-CUCARRON-VNO,,35,,limpio,false,,instock,2800.0,
803,805,Cucarron vino,ballerinas,BALL-CUCARRON-VNO,,36,,limpio,false,,instock,2800.0,
803,820,Cucarron vino,ballerinas,BALL-CUCARRON-VNO,,37,,limpio,false,,instock,2800.0,
803,821,Cucarron vino,ballerinas,BALL-CUCARRON-VNO,,38,,limpio,false,,instock,2800.0,
803,822,Cucarron vino,ballerinas,BALL-CUCARRON-VNO,,39,,limpio,false,,instock,2800.0,
803,823,Cucarron vino,ballerinas,BALL-CUCARRON-VNO,,40,,limpio,false,,instock,2800.0,
824,825,Cucarron café,ballerinas,BALL-CUCARRON-CFE,,35,,limpio,false,,instock,2800.0,
824,826,Cucarron café,ballerinas,BALL-CUCARRON-CFE,,36,,limpio,false,,instock,2800.0,
824,827,Cucarron café,ballerinas,BALL-CUCARRON-CFE,,37,,limpio,false,,instock,2800.0,
824,828,Cucarron café,ballerinas,BALL-CUCARRON-CFE,,38,,limpio,false,,instock,2800.0,
824,829,Cucarron café,ballerinas,BALL-CUCARRON-CFE,,39,,limpio,false,,instock,2800.0,
824,830,Cucarron café,ballerinas,BALL-CUCARRON-CFE,,40,,limpio,false,,instock,2800.0,
831,832,Cucarron negro,ballerinas,BALL-CUCARRON-NGO,,35,,limpio,false,,instock,2800.0,
831,833,Cucarron negro,ballerinas,BALL-CUCARRON-NGO,,36,,limpio,false,,instock,2800.0,
831,834,Cucarron negro,ballerinas,BALL-CUCARRON-NGO,,37,,limpio,false,,instock,2800.0,
831,835,Cucarron negro,ballerinas,BALL-CUCARRON-NGO,,38,,limpio,false,,instock,2800.0,
831,836,Cucarron negro,ballerinas,BALL-CUCARRON-NGO,,39,,limpio,false,,instock,2800.0,
831,837,Cucarron negro,ballerinas,BALL-CUCARRON-NGO,,40,,limpio,false,,instock,2800.0,
838,839,Cucarron azul marino,ballerinas,BALL-CUCARRON-AZL,,35,,limpio,false,,instock,2800.0,
838,840,Cucarron azul marino,ballerinas,BALL-CUCARRON-AZL,,36,,limpio,false,,instock,2800.0,
838,841,Cucarron azul marino,ballerinas,BALL-CUCARRON-AZL,,37,,limpio,false,,instock,2800.0,
838,842,Cucarron azul marino,ballerinas,BALL-CUCARRON-AZL,,38,,limpio,false,,instock,2800.0,
838,843,Cucarron azul marino,ballerinas,BALL-CUCARRON-AZL,,39,,limpio,false,,instock,2800.0,
838,844,Cucarron azul marino,ballerinas,BALL-CUCARRON-AZL,,40,,limpio,false,,instock,2800.0,
845,846,Cucarron single chocolate,ballerinas,BALL-CUCARRON-SGL-CLT,,35,,limpio,false,,instock,2800.0,
845,847,Cucarron single chocolate,ballerinas,BALL-CUCARRON-SGL-CLT,,36,,limpio,false,,instock,2800.0,
845,848,Cucarron single chocolate,ballerinas,BALL-CUCARRON-SGL-CLT,,37,,limpio,false,,instock,2800.0,
845,849,Cucarron single chocolate,ballerinas,BALL-CUCARRON-SGL-CLT,,38,,limpio,false,,instock,2800.0,
845,871,Cucarron single chocolate,ballerinas,BALL-CUCARRON-SGL-CLT,,39,,limpio,false,,instock,2800.0,
845,872,Cucarron single chocolate,ballerinas,BALL-CUCARRON-SGL-CLT,,40,,limpio,false,,instock,2800.0,
873,874,Paula gamuza café,ballerinas,BALL-PAULA-GMZ-CFE,,35,,limpio,false,,instock,2800.0,
873,875,Paula gamuza café,ballerinas,BALL-PAULA-GMZ-CFE,,36,,limpio,false,,instock,2800.0,
873,876,Paula gamuza café,ballerinas,BALL-PAULA-GMZ-CFE,,37,,limpio,false,,instock,2800.0,
873,877,Paula gamuza café,ballerinas,BALL-PAULA-GMZ-CFE,,38,,limpio,false,,instock,2800.0,
873,878,Paula gamuza café,ballerinas,BALL-PAULA-GMZ-CFE,,39,,limpio,false,,instock,2800.0,
873,879,Paula gamuza café,ballerinas,BALL-PAULA-GMZ-CFE,,40,,limpio,false,,instock,2800.0,
880,881,Paula bambi,ballerinas,BALL-PAULA-BMB,,35,,limpio,false,,instock,2800.0,
880,882,Paula bambi,ballerinas,BALL-PAULA-BMB,,36,,limpio,false,,instock,2800.0,
880,883,Paula bambi,ballerinas,BALL-PAULA-BMB,,37,,limpio,false,,instock,2800.0,
880,884,Paula bambi,ballerinas,BALL-PAULA-BMB,,38,,limpio,false,,instock,2800.0,
880,885,Paula bambi,ballerinas,BALL-PAULA-BMB,,39,,limpio,false,,instock,2800.0,
880,886,Paula bambi,ballerinas,BALL-PAULA-BMB,,40,,limpio,false,,instock,2800.0,
887,888,Paula talco,ballerinas,BALL-PAULA-TCO,,35,,limpio,false,,instock,2800.0,
887,889,Paula talco,ballerinas,BALL-PAULA-TCO,,36,,limpio,false,,instock,2800.0,
887,890,Paula talco,ballerinas,BALL-PAULA-TCO,,37,,limpio,false,,instock,2800.0,
887,891,Paula talco,ballerinas,BALL-PAULA-TCO,,38,,limpio,false,,instock,2800.0,
887,892,Paula talco,ballerinas,BALL-PAULA-TCO,,39,,limpio,false,,instock,2800.0,
887,893,Paula talco,ballerinas,BALL-PAULA-TCO,,40,,limpio,false,,instock,2800.0,
894,895,Suecos cucarrones dorado,ballerinas,SUE-CUCARRON-DRD,,35,,limpio,false,,instock,2800.0,
894,896,Suecos cucarrones dorado,ballerinas,SUE-CUCARRON-DRD,,36,,limpio,false,,instock,2800.0,
894,897,Suecos cucarrones dorado,ballerinas,SUE-CUCARRON-DRD,,37,,limpio,false,,instock,2800.0,
894,898,Suecos cucarrones dorado,ballerinas,SUE-CUCARRON-DRD,,38,,limpio,false,,instock,2800.0,
894,899,Suecos cucarrones dorado,ballerinas,SUE-CUCARRON-DRD,,39,,limpio,false,,instock,2800.0,
894,900,Suecos cucarrones dorado,ballerinas,SUE-CUCARRON-DRD,,40,,limpio,false,,instock,2800.0,
916,917,Suecos cucarrones negro,ballerinas,SUE-CUCARRON-NGO,,35,,limpio,false,,instock,2800.0,
916,918,Suecos cucarrones negro,ballerinas,SUE-CUCARRON-NGO,,36,,limpio,false,,instock,2800.0,
916,919,Suecos cucarrones negro,ballerinas,SUE-CUCARRON-NGO,,37,,limpio,false,,instock,2800.0,
916,920,Suecos cucarrones negro,ballerinas,SUE-CUCARRON-NGO,,38,,limpio,false,,instock,2800.0,
916,921,Suecos cucarrones negro,ballerinas,SUE-CUCARRON-NGO,,39,,limpio,false,,instock,2800.0,
916,922,Suecos cucarrones negro,ballerinas,SUE-CUCARRON-NGO,,40,,limpio,false,,instock,2800.0,
923,924,Suecos cucarrones vino,ballerinas,SUE-CUCARRON-VNO,,35,,limpio,false,,instock,2800.0,
923,925,Suecos cucarrones vino,ballerinas,SUE-CUCARRON-VNO,,36,,limpio,false,,instock,2800.0,
923,926,Suecos cucarrones vino,ballerinas,SUE-CUCARRON-VNO,,37,,limpio,false,,instock,2800.0,
923,927,Suecos cucarrones vino,ballerinas,SUE-CUCARRON-VNO,,38,,limpio,false,,instock,2800.0,
923,928,Suecos cucarrones vino,ballerinas,SUE-CUCARRON-VNO,,39,,limpio,false,,instock,2800.0,
923,929,Suecos cucarrones vino,ballerinas,SUE-CUCARRON-VNO,,40,,limpio,false,,instock,2800.0,
930,931,Suecos cucarrones talco,ballerinas,SUE-CUCARRON-TCO,,35,,limpio,false,,instock,2800.0,
930,932,Suecos cucarrones talco,ballerinas,SUE-CUCARRON-TCO,,36,,limpio,false,,instock,2800.0,
930,933,Suecos cucarrones talco,ballerinas,SUE-CUCARRON-TCO,,37,,limpio,false,,instock,2800.0,
930,934,Suecos cucarrones talco,ballerinas,SUE-CUCARRON-TCO,,38,,limpio,false,,instock,2800.0,
930,935,Suecos cucarrones talco,ballerinas,SUE-CUCARRON-TCO,,39,,limpio,false,,instock,2800.0,
930,936,Suecos cucarrones talco,ballerinas,SUE-CUCARRON-TCO,,40,,limpio,false,,instock,2800.0,
937,938,Suecos cucarrones café,ballerinas,SUE-CUCARRON-CFE,,35,,limpio,false,,instock,2800.0,
937,939,Suecos cucarrones café,ballerinas,SUE-CUCARRON-CFE,,36,,limpio,false,,instock,2800.0,
937,940,Suecos cucarrones café,ballerinas,SUE-CUCARRON-CFE,,37,,limpio,false,,instock,2800.0,
937,941,Suecos cucarrones café,ballerinas,SUE-CUCARRON-CFE,,38,,limpio,false,,instock,2800.0,
937,942,Suecos cucarrones café,ballerinas,SUE-CUCARRON-CFE,,39,,limpio,false,,instock,2800.0,
937,943,Suecos cucarrones café,ballerinas,SUE-CUCARRON-CFE,,40,,limpio,false,,instock,2800.0,
944,945,Suecos cucarrones verde,ballerinas,SUE-CUCARRON-VDE,,35,,limpio,false,,instock,2800.0,
944,964,Suecos cucarrones verde,ballerinas,SUE-CUCARRON-VDE,,36,,limpio,false,,instock,2800.0,
944,965,Suecos cucarrones verde,ballerinas,SUE-CUCARRON-VDE,,37,,limpio,false,,instock,2800.0,
944,966,Suecos cucarrones verde,ballerinas,SUE-CUCARRON-VDE,,38,,limpio,false,,instock,2800.0,
944,967,Suecos cucarrones verde,ballerinas,SUE-CUCARRON-VDE,,39,,limpio,false,,instock,2800.0,
944,968,Suecos cucarrones verde,ballerinas,SUE-CUCARRON-VDE,,40,,limpio,false,,instock,2800.0,
969,970,Mafalda taches negro,ballerinas,MFL-TCH-NGO,,35,,limpio,false,,instock,2800.0,
969,971,Mafalda taches negro,ballerinas,MFL-TCH-NGO,,36,,limpio,false,,instock,2800.0,
969,972,Mafalda taches negro,ballerinas,MFL-TCH-NGO,,37,,limpio,false,,instock,2800.0,
969,973,Mafalda taches negro,ballerinas,MFL-TCH-NGO,,38,,limpio,false,,instock,2800.0,
969,974,Mafalda taches negro,ballerinas,MFL-TCH-NGO,,39,,limpio,false,,instock,2800.0,
969,975,Mafalda taches negro,ballerinas,MFL-TCH-NGO,,40,,limpio,false,,instock,2800.0,
976,977,Mafalda taches taupe,ballerinas,MFL-TCH-TPE,,35,,limpio,false,,instock,2800.0,
976,978,Mafalda taches taupe,ballerinas,MFL-TCH-TPE,,36,,limpio,false,,instock,2800.0,
976,979,Mafalda taches taupe,ballerinas,MFL-TCH-TPE,,37,,limpio,false,,instock,2800.0,
976,980,Mafalda taches taupe,ballerinas,MFL-TCH-TPE,,38,,limpio,false,,instock,2800.0,
976,981,Mafalda taches taupe,ballerinas,MFL-TCH-TPE,,39,,limpio,false,,instock,2800.0,
976,982,Mafalda taches taupe,ballerinas,MFL-TCH-TPE,,40,,limpio,false,,instock,2800.0,
983,984,Mafalda taches vino,ballerinas,MFL-TCH-VNO,,35,,limpio,false,,instock,2800.0,
983,985,Mafalda taches vino,ballerinas,MFL-TCH-VNO,,36,,limpio,false,,instock,2800.0,
983,986,Mafalda taches vino,ballerinas,MFL-TCH-VNO,,37,,limpio,false,,instock,2800.0,
983,987,Mafalda taches vino,ballerinas,MFL-TCH-VNO,,38,,limpio,false,,instock,2800.0,
983,988,Mafalda taches vino,ballerinas,MFL-TCH-VNO,,39,,limpio,false,,instock,2800.0,
983,989,Mafalda taches vino,ballerinas,MFL-TCH-VNO,,40,,limpio,false,,instock,2800.0,
990,991,Mafalda taches nude,ballerinas,MFL-TCH-NDE,,35,,limpio,false,,instock,2800.0,
990,992,Mafalda taches nude,ballerinas,MFL-TCH-NDE,,36,,limpio,false,,instock,2800.0,
990,993,Mafalda taches nude,ballerinas,MFL-TCH-NDE,,37,,limpio,false,,instock,2800.0,
990,1015,Mafalda taches nude,ballerinas,MFL-TCH-NDE,,38,,limpio,false,,instock,2800.0,
990,1016,Mafalda taches nude,ballerinas,MFL-TCH-NDE,,39,,limpio,false,,instock,2800.0,
990,1017,Mafalda taches nude,ballerinas,MFL-TCH-NDE,,40,,limpio,false,,instock,2800.0,
1018,1019,Mafalda láser vino,ballerinas,MFL-LSR-VNO,,35,,limpio,false,,instock,2800.0,
1018,1020,Mafalda láser vino,ballerinas,MFL-LSR-VNO,,36,,limpio,false,,instock,2800.0,
1018,1021,Mafalda láser vino,ballerinas,MFL-LSR-VNO,,37,,limpio,false,,instock,2800.0,
1018,1022,Mafalda láser vino,ballerinas,MFL-LSR-VNO,,38,,limpio,false,,instock,2800.0,
1018,1023,Mafalda láser vino,ballerinas,MFL-LSR-VNO,,39,,limpio,false,,instock,2800.0,
1018,1024,Mafalda láser vino,ballerinas,MFL-LSR-VNO,,40,,limpio,false,,instock,2800.0,
1025,1026,Mafalda láser verde,ballerinas,MFL-LSR-VDE,,35,,limpio,false,,instock,2800.0,
1025,1027,Mafalda láser verde,ballerinas,MFL-LSR-VDE,,36,,limpio,false,,instock,2800.0,
1025,1028,Mafalda láser verde,ballerinas,MFL-LSR-VDE,,37,,limpio,false,,instock,2800.0,
1025,1029,Mafalda láser verde,ballerinas,MFL-LSR-VDE,,38,,limpio,false,,instock,2800.0,
1025,1030,Mafalda láser verde,ballerinas,MFL-LSR-VDE,,39,,limpio,false,,instock,2800.0,
1025,1031,Mafalda láser verde,ballerinas,MFL-LSR-VDE,,40,,limpio,false,,instock,2800.0,
1032,1033,Mafalda láser taupe,ballerinas,MFL-LSR-TPE,,35,,limpio,false,,instock,2800.0,
1032,1034,Mafalda láser taupe,ballerinas,MFL-LSR-TPE,,36,,limpio,false,,instock,2800.0,
1032,1035,Mafalda láser taupe,ballerinas,MFL-LSR-TPE,,37,,limpio,false,,instock,2800.0,
1032,1036,Mafalda láser taupe,ballerinas,MFL-LSR-TPE,,38,,limpio,false,,instock,2800.0,
1032,1037,Mafalda láser taupe,ballerinas,MFL-LSR-TPE,,39,,limpio,false,,instock,2800.0,
1032,1038,Mafalda láser taupe,ballerinas,MFL-LSR-TPE,,40,,limpio,false,,instock,2800.0,
1065,1066,Ballerinas resorte taches verde,ballerinas,BALL-RSRT-TCH-VDE,,35,,limpio,false,,instock,2800.0,
1065,1067,Ballerinas resorte taches verde,ballerinas,BALL-RSRT-TCH-VDE,,36,,limpio,false,,instock,2800.0,
1065,1068,Ballerinas resorte taches verde,ballerinas,BALL-RSRT-TCH-VDE,,37,,limpio,false,,instock,2800.0,
1065,1069,Ballerinas resorte taches verde,ballerinas,BALL-RSRT-TCH-VDE,,38,,limpio,false,,instock,2800.0,
1065,1070,Ballerinas resorte taches verde,ballerinas,BALL-RSRT-TCH-VDE,,39,,limpio,false,,instock,2800.0,
1065,1071,Ballerinas resorte taches verde,ballerinas,BALL-RSRT-TCH-VDE,,40,,limpio,false,,instock,2800.0,
1072,1073,Ballerinas resorte negro,ballerinas,BALL-RSRT-TCH-NGO,,35,,limpio,false,,instock,2800.0,
1072,1074,Ballerinas resorte negro,ballerinas,BALL-RSRT-TCH-NGO,,36,,limpio,false,,instock,2800.0,
1072,1075,Ballerinas resorte negro,ballerinas,BALL-RSRT-TCH-NGO,,37,,limpio,false,,instock,2800.0,
1072,1076,Ballerinas resorte negro,ballerinas,BALL-RSRT-TCH-NGO,,38,,limpio,false,,instock,2800.0,
1072,1077,Ballerinas resorte negro,ballerinas,BALL-RSRT-TCH-NGO,,39,,limpio,false,,instock,2800.0,
1072,1078,Ballerinas resorte negro,ballerinas,BALL-RSRT-TCH-NGO,,40,,limpio,false,,instock,2800.0,
1079,1080,Ballerinas resorte taches vino,ballerinas,BALL-RSRT-TCH-VNO,,35,,limpio,false,,instock,2800.0,
1079,1081,Ballerinas resorte taches vino,ballerinas,BALL-RSRT-TCH-VNO,,36,,limpio,false,,instock,2800.0,
1079,1082,Ballerinas resorte taches vino,ballerinas,BALL-RSRT-TCH-VNO,,37,,limpio,false,,instock,2800.0,
1079,1083,Ballerinas resorte taches vino,ballerinas,BALL-RSRT-TCH-VNO,,38,,limpio,false,,instock,2800.0,
1079,1084,Ballerinas resorte taches vino,ballerinas,BALL-RSRT-TCH-VNO,,39,,limpio,false,,instock,2800.0,
1079,1085,Ballerinas resorte taches vino,ballerinas,BALL-RSRT-TCH-VNO,,40,,limpio,false,,instock,2800.0,
1086,1087,Ballerinas resorte taches taupe,ballerinas,BALL-RSRT-TCH-TPE,,35,,limpio,false,,instock,2800.0,
1086,1088,Ballerinas resorte taches taupe,ballerinas,BALL-RSRT-TCH-TPE,,36,,limpio,false,,instock,2800.0,
1086,1089,Ballerinas resorte taches taupe,ballerinas,BALL-RSRT-TCH-TPE,,37,,limpio,false,,instock,2800.0,
1086,1090,Ballerinas resorte taches taupe,ballerinas,BALL-RSRT-TCH-TPE,,38,,limpio,false,,instock,2800.0,
1086,1091,Ballerinas resorte taches taupe,ballerinas,BALL-RSRT-TCH-TPE,,39,,limpio,false,,instock,2800.0,
1086,1116,Ballerinas resorte taches taupe,ballerinas,BALL-RSRT-TCH-TPE,,40,,limpio,false,,instock,2800.0,
1117,1118,Ballerinas puntudo chocolate,ballerinas,BALL-PNT-BYL-CHL,,35,,limpio,false,,instock,2800.0,
1117,1119,Ballerinas puntudo chocolate,ballerinas,BALL-PNT-BYL-CHL,,36,,limpio,false,,instock,2800.0,
1117,1120,Ballerinas puntudo chocolate,ballerinas,BALL-PNT-BYL-CHL,,37,,limpio,false,,instock,2800.0,
1117,1121,Ballerinas puntudo chocolate,ballerinas,BALL-PNT-BYL-CHL,,38,,limpio,false,,instock,2800.0,
1117,1122,Ballerinas puntudo chocolate,ballerinas,BALL-PNT-BYL-CHL,,39,,limpio,false,,instock,2800.0,
1117,1123,Ballerinas puntudo chocolate,ballerinas,BALL-PNT-BYL-CHL,,40,,limpio,false,,instock,2800.0,
1124,1125,Ballerinas BYL puntudo negro,ballerinas,BALL-PNT-BYL-NGO,,35,,limpio,false,,instock,2800.0,
1124,1126,Ballerinas BYL puntudo negro,ballerinas,BALL-PNT-BYL-NGO,,36,,limpio,false,,instock,2800.0,
1124,1127,Ballerinas BYL puntudo negro,ballerinas,BALL-PNT-BYL-NGO,,37,,limpio,false,,instock,2800.0,
1124,1128,Ballerinas BYL puntudo negro,ballerinas,BALL-PNT-BYL-NGO,,38,,limpio,false,,instock,2800.0,
1124,1129,Ballerinas BYL puntudo negro,ballerinas,BALL-PNT-BYL-NGO,,39,,limpio,false,,instock,2800.0,
1124,1130,Ballerinas BYL puntudo negro,ballerinas,BALL-PNT-BYL-NGO,,40,,limpio,false,,instock,2800.0,
1131,1132,Ballerinas BYL puntudo vino,ballerinas,BALL-PNT-BYL-VNO,,35,,limpio,false,,instock,2800.0,
1131,1133,Ballerinas BYL puntudo vino,ballerinas,BALL-PNT-BYL-VNO,,36,,limpio,false,,instock,2800.0,
1131,1134,Ballerinas BYL puntudo vino,ballerinas,BALL-PNT-BYL-VNO,,37,,limpio,false,,instock,2800.0,
1131,1135,Ballerinas BYL puntudo vino,ballerinas,BALL-PNT-BYL-VNO,,38,,limpio,false,,instock,2800.0,
1131,1136,Ballerinas BYL puntudo vino,ballerinas,BALL-PNT-BYL-VNO,,39,,limpio,false,,instock,2800.0,
1131,1137,Ballerinas BYL puntudo vino,ballerinas,BALL-PNT-BYL-VNO,,40,,limpio,false,,instock,2800.0,
1138,1139,Ballerinas puntudo dorado,ballerinas,BALL-PNT-BYL-DRD,,35,,limpio,false,,instock,2800.0,
1138,1140,Ballerinas puntudo dorado,ballerinas,BALL-PNT-BYL-DRD,,36,,limpio,false,,instock,2800.0,
1138,1164,Ballerinas puntudo dorado,ballerinas,BALL-PNT-BYL-DRD,,37,,limpio,false,,instock,2800.0,
1138,1165,Ballerinas puntudo dorado,ballerinas,BALL-PNT-BYL-DRD,,38,,limpio,false,,instock,2800.0,
1138,1166,Ballerinas puntudo dorado,ballerinas,BALL-PNT-BYL-DRD,,39,,limpio,false,,instock,2800.0,
1138,1167,Ballerinas puntudo dorado,ballerinas,BALL-PNT-BYL-DRD,,40,,limpio,false,,instock,2800.0,
1168,1169,Ballerinas puntudo vino taches,ballerinas,BALL-PNT-TCH-VNO,,35,,limpio,false,,instock,2800.0,
1168,1170,Ballerinas puntudo vino taches,ballerinas,BALL-PNT-TCH-VNO,,36,,limpio,false,,instock,2800.0,
1168,1171,Ballerinas puntudo vino taches,ballerinas,BALL-PNT-TCH-VNO,,37,,limpio,false,,instock,2800.0,
1168,1172,Ballerinas puntudo vino taches,ballerinas,BALL-PNT-TCH-VNO,,38,,limpio,false,,instock,2800.0,
1168,1173,Ballerinas puntudo vino taches,ballerinas,BALL-PNT-TCH-VNO,,39,,limpio,false,,instock,2800.0,
1168,1174,Ballerinas puntudo vino taches,ballerinas,BALL-PNT-TCH-VNO,,40,,limpio,false,,instock,2800.0,
1175,1176,Ballerinas puntudo negro,ballerinas,BALL-PNT-TCH-NGO,,35,,limpio,false,,instock,2800.0,
1175,1177,Ballerinas puntudo negro,ballerinas,BALL-PNT-TCH-NGO,,36,,limpio,false,,instock,2800.0,
1175,1178,Ballerinas puntudo negro,ballerinas,BALL-PNT-TCH-NGO,,37,,limpio,false,,instock,2800.0,
1175,1179,Ballerinas puntudo negro,ballerinas,BALL-PNT-TCH-NGO,,38,,limpio,false,,instock,2800.0,
1175,1180,Ballerinas puntudo negro,ballerinas,BALL-PNT-TCH-NGO,,39,,limpio,false,,instock,2800.0,
1175,1181,Ballerinas puntudo negro,ballerinas,BALL-PNT-TCH-NGO,,40,,limpio,false,,instock,2800.0,
1182,1183,Ballerinas mocasines taupe,ballerinas,BALL-MCS-TPE,,35,,limpio,false,,instock,2800.0,
1182,1184,Ballerinas mocasines taupe,ballerinas,BALL-MCS-TPE,,36,,limpio,false,,instock,2800.0,
1182,1185,Ballerinas mocasines taupe,ballerinas,BALL-MCS-TPE,,37,,limpio,false,,instock,2800.0,
1182,1186,Ballerinas mocasines taupe,ballerinas,BALL-MCS-TPE,,38,,limpio,false,,instock,2800.0,
1182,1187,Ballerinas mocasines taupe,ballerinas,BALL-MCS-TPE,,39,,limpio,false,,instock,2800.0,
1182,1188,Ballerinas mocasines taupe,ballerinas,BALL-MCS-TPE,,40,,limpio,false,,instock,2800.0,
2772,2778,Paula dorado,ballerinas,BALL-PAULA-DRD,,35,,limpio,false,,instock,2800.0,
2772,2779,Paula dorado,ballerinas,BALL-PAULA-DRD,,36,,limpio,false,,instock,2800.0,
2772,2780,Paula dorado,ballerinas,BALL-PAULA-DRD,,37,,limpio,false,,instock,2800.0,
2772,2781,Paula dorado,ballerinas,BALL-PAULA-DRD,,38,,limpio,false,,instock,2800.0,
2772,2782,Paula dorado,ballerinas,BALL-PAULA-DRD,,39,,limpio,false,,instock,2800.0,
2772,2783,Paula dorado,ballerinas,BALL-PAULA-DRD,,40,,limpio,false,,instock,2800.0,
2773,2785,Paula negro,ballerinas,BALL-PAULA-NGO,,35,,limpio,false,,instock,2800.0,
2773,2786,Paula negro,ballerinas,BALL-PAULA-NGO,,36,,limpio,false,,instock,2800.0,
2773,2787,Paula negro,ballerinas,BALL-PAULA-NGO,,37,,limpio,false,,instock,2800.0,
2773,2788,Paula negro,ballerinas,BALL-PAULA-NGO,,38,,limpio,false,,instock,2800.0,
2773,2789,Paula negro,ballerinas,BALL-PAULA-NGO,,39,,limpio,false,,instock,2800.0,
2773,2790,Paula negro,ballerinas,BALL-PAULA-NGO,,40,,limpio,false,,instock,2800.0,
2774,2792,Paula taupe,ballerinas,BALL-PAULA-TPE,,35,,limpio,false,,instock,2800.0,
2774,2793,Paula taupe,ballerinas,BALL-PAULA-TPE,,36,,limpio,false,,instock,2800.0,
2774,2794,Paula taupe,ballerinas,BALL-PAULA-TPE,,37,,limpio,false,,instock,2800.0,
2774,2795,Paula taupe,ballerinas,BALL-PAULA-TPE,,38,,limpio,false,,instock,2800.0,
2774,2796,Paula taupe,ballerinas,BALL-PAULA-TPE,,39,,limpio,false,,instock,2800.0,
2774,2797,Paula taupe,ballerinas,BALL-PAULA-TPE,,40,,limpio,false,,instock,2800.0,
2775,2799,Paula plata,ballerinas,BALL-PAULA-PLT2,,35,,limpio,false,,instock,2800.0,
2775,2800,Paula plata,ballerinas,BALL-PAULA-PLT2,,36,,limpio,false,,instock,2800.0,
2775,2801,Paula plata,ballerinas,BALL-PAULA-PLT2,,37,,limpio,false,,instock,2800.0,
2775,2802,Paula plata,ballerinas,BALL-PAULA-PLT2,,38,,limpio,false,,instock,2800.0,
2775,2803,Paula plata,ballerinas,BALL-PAULA-PLT2,,39,,limpio,false,,instock,2800.0,
2775,2804,Paula plata,ballerinas,BALL-PAULA-PLT2,,40,,limpio,false,,instock,2800.0,
2776,2806,Cucarron single plata,ballerinas,BALL-CUCARRON-SGL-PLT,,35,,limpio,false,,instock,2800.0,
2776,2811,Cucarron single plata,ballerinas,BALL-CUCARRON-SGL-PLT,,36,,limpio,false,,instock,2800.0,
2776,2812,Cucarron single plata,ballerinas,BALL-CUCARRON-SGL-PLT,,37,,limpio,false,,instock,2800.0,
2776,2813,Cucarron single plata,ballerinas,BALL-CUCARRON-SGL-PLT,,38,,limpio,false,,instock,2800.0,
2776,2814,Cucarron single plata,ballerinas,BALL-CUCARRON-SGL-PLT,,39,,limpio,false,,instock,2800.0,
2776,2815,Cucarron single plata,ballerinas,BALL-CUCARRON-SGL-PLT,,40,,limpio,false,,instock,2800.0,
2807,2817,Sueco cucarron plata,ballerinas,SUE-CUCARRON-PLT,,35,,limpio,false,,instock,2800.0,
2807,2818,Sueco cucarron plata,ballerinas,SUE-CUCARRON-PLT,,36,,limpio,false,,instock,2800.0,
2807,2819,Sueco cucarron plata,ballerinas,SUE-CUCARRON-PLT,,37,,limpio,false,,instock,2800.0,
2807,2820,Sueco cucarron plata,ballerinas,SUE-CUCARRON-PLT,,38,,limpio,false,,instock,2800.0,
2807,2821,Sueco cucarron plata,ballerinas,SUE-CUCARRON-PLT,,39,,limpio,false,,instock,2800.0,
2807,2822,Sueco cucarron plata,ballerinas,SUE-CUCARRON-PLT,,40,,limpio,false,,instock,2800.0,
2808,2824,Mafalda taches gamuza cafe,ballerinas,MFL-TCH-GMZ-CFE,,35,,limpio,false,,instock,2800.0,
2808,2825,Mafalda taches gamuza cafe,ballerinas,MFL-TCH-GMZ-CFE,,36,,limpio,false,,instock,2800.0,
2808,2826,Mafalda taches gamuza cafe,ballerinas,MFL-TCH-GMZ-CFE,,37,,limpio,false,,instock,2800.0,
2808,2827,Mafalda taches gamuza cafe,ballerinas,MFL-TCH-GMZ-CFE,,38,,limpio,false,,instock,2800.0,
2808,2828,Mafalda taches gamuza cafe,ballerinas,MFL-TCH-GMZ-CFE,,39,,limpio,false,,instock,2800.0,
2808,2829,Mafalda taches gamuza cafe,ballerinas,MFL-TCH-GMZ-CFE,,40,,limpio,false,,instock,2800.0,
2809,2831,Mafalda taches gamuza camel,ballerinas,MFL-TCH-GMZ-CML,,35,,limpio,false,,instock,2800.0,
2809,2832,Mafalda taches gamuza camel,ballerinas,MFL-TCH-GMZ-CML,,36,,limpio,false,,instock,2800.0,
2809,2833,Mafalda taches gamuza camel,ballerinas,MFL-TCH-GMZ-CML,,37,,limpio,false,,instock,2800.0,
2809,2834,Mafalda taches gamuza camel,ballerinas,MFL-TCH-GMZ-CML,,38,,limpio,false,,instock,2800.0,
2809,2835,Mafalda taches gamuza camel,ballerinas,MFL-TCH-GMZ-CML,,39,,limpio,false,,instock,2800.0,
2809,2836,Mafalda taches gamuza camel,ballerinas,MFL-TCH-GMZ-CML,,40,,limpio,false,,instock,2800.0,
2810,2838,Mafalda laser azul,ballerinas,MFL-LSR-AZL2,,35,,limpio,false,,instock,2800.0,
2810,2839,Mafalda laser azul,ballerinas,MFL-LSR-AZL2,,36,,limpio,false,,instock,2800.0,
2810,2840,Mafalda laser azul,ballerinas,MFL-LSR-AZL2,,37,,limpio,false,,instock,2800.0,
2810,2845,Mafalda laser azul,ballerinas,MFL-LSR-AZL2,,38,,limpio,false,,instock,2800.0,
2810,2846,Mafalda laser azul,ballerinas,MFL-LSR-AZL2,,39,,limpio,false,,instock,2800.0,
2810,2847,Mafalda laser azul,ballerinas,MFL-LSR-AZL2,,40,,limpio,false,,instock,2800.0,
2841,2849,Mafalda leopardo correa negra,ballerinas,MFL-LPD-CRN-NGO,,35,,limpio,false,,instock,2800.0,
2841,2850,Mafalda leopardo correa negra,ballerinas,MFL-LPD-CRN-NGO,,36,,limpio,false,,instock,2800.0,
2841,2851,Mafalda leopardo correa negra,ballerinas,MFL-LPD-CRN-NGO,,37,,limpio,false,,instock,2800.0,
2841,2852,Mafalda leopardo correa negra,ballerinas,MFL-LPD-CRN-NGO,,38,,limpio,false,,instock,2800.0,
2841,2853,Mafalda leopardo correa negra,ballerinas,MFL-LPD-CRN-NGO,,39,,limpio,false,,instock,2800.0,
2841,2854,Mafalda leopardo correa negra,ballerinas,MFL-LPD-CRN-NGO,,40,,limpio,false,,instock,2800.0,
2844,2870,Plataforma tiras amarrar,sandalia-alta,SND-PLT-TIR-AMR,,35,,limpio,false,,instock,3000,
2844,2871,Plataforma tiras amarrar,sandalia-alta,SND-PLT-TIR-AMR,,36,,limpio,false,,instock,3000,
2844,2872,Plataforma tiras amarrar,sandalia-alta,SND-PLT-TIR-AMR,,37,,limpio,false,,instock,3000,
2844,2873,Plataforma tiras amarrar,sandalia-alta,SND-PLT-TIR-AMR,,38,,limpio,false,,instock,3000,
2844,2874,Plataforma tiras amarrar,sandalia-alta,SND-PLT-TIR-AMR,,39,,limpio,false,,instock,3000,
2844,2879,Plataforma tiras amarrar,sandalia-alta,SND-PLT-TIR-AMR,,40,,limpio,false,,instock,3000,
2875,2881,Plataforma nudo capellada,sandalia-alta,SND-PLT-NDO-CAP,,35,,limpio,false,,instock,3000,
2875,2882,Plataforma nudo capellada,sandalia-alta,SND-PLT-NDO-CAP,,36,,limpio,false,,instock,3000,
2875,2883,Plataforma nudo capellada,sandalia-alta,SND-PLT-NDO-CAP,,37,,limpio,false,,instock,3000,
2875,2884,Plataforma nudo capellada,sandalia-alta,SND-PLT-NDO-CAP,,38,,limpio,false,,instock,3000,
2875,2885,Plataforma nudo capellada,sandalia-alta,SND-PLT-NDO-CAP,,39,,limpio,false,,instock,3000,
2875,2886,Plataforma nudo capellada,sandalia-alta,SND-PLT-NDO-CAP,,40,,limpio,false,,instock,3000,
2876,2888,Sandalia tacon grueso flecos,sandalia-alta,SND-TAC-GR-FLC,,35,,limpio,false,,instock,3000,
2876,2889,Sandalia tacon grueso flecos,sandalia-alta,SND-TAC-GR-FLC,,36,,limpio,false,,instock,3000,
2876,2890,Sandalia tacon grueso flecos,sandalia-alta,SND-TAC-GR-FLC,,37,,limpio,false,,instock,3000,
2876,2891,Sandalia tacon grueso flecos,sandalia-alta,SND-TAC-GR-FLC,,38,,limpio,false,,instock,3000,
2876,2892,Sandalia tacon grueso flecos,sandalia-alta,SND-TAC-GR-FLC,,39,,limpio,false,,instock,3000,
2876,2893,Sandalia tacon grueso flecos,sandalia-alta,SND-TAC-GR-FLC,,40,,limpio,false,,instock,3000,
2877,2895,Tacon grueso dorado estoperoles,sandalia-alta,SND-TAC-GR-DRD-EST,,35,,limpio,false,,instock,3000,
2877,2896,Tacon grueso dorado estoperoles,sandalia-alta,SND-TAC-GR-DRD-EST,,36,,limpio,false,,instock,3000,
2877,2897,Tacon grueso dorado estoperoles,sandalia-alta,SND-TAC-GR-DRD-EST,,37,,limpio,false,,instock,3000,
2877,2898,Tacon grueso dorado estoperoles,sandalia-alta,SND-TAC-GR-DRD-EST,,38,,limpio,false,,instock,3000,
2877,2899,Tacon grueso dorado estoperoles,sandalia-alta,SND-TAC-GR-DRD-EST,,39,,limpio,false,,instock,3000,
2877,2900,Tacon grueso dorado estoperoles,sandalia-alta,SND-TAC-GR-DRD-EST,,40,,limpio,false,,instock,3000,
2878,2902,Tacon tiras de amarrar,sandalia-alta,SND-TAC-TIR-AMR,,35,,limpio,false,,instock,3000,
2878,2903,Tacon tiras de amarrar,sandalia-alta,SND-TAC-TIR-AMR,,36,,limpio,false,,instock,3000,
2878,2904,Tacon tiras de amarrar,sandalia-alta,SND-TAC-TIR-AMR,,37,,limpio,false,,instock,3000,
2878,2905,Tacon tiras de amarrar,sandalia-alta,SND-TAC-TIR-AMR,,38,,limpio,false,,instock,3000,
2878,2906,Tacon tiras de amarrar,sandalia-alta,SND-TAC-TIR-AMR,,39,,limpio,false,,instock,3000,
2878,2907,Tacon tiras de amarrar,sandalia-alta,SND-TAC-TIR-AMR,,40,,limpio,false,,instock,3000,
2908,2913,Tres puntadas bronce,sandalia-plana,SND-3PTD-BRZ,,35,,limpio,false,,instock,2800,
2908,2914,Tres puntadas bronce,sandalia-plana,SND-3PTD-BRZ,,36,,limpio,false,,instock,2800,
2908,2915,Tres puntadas bronce,sandalia-plana,SND-3PTD-BRZ,,37,,limpio,false,,instock,2800,
2908,2916,Tres puntadas bronce,sandalia-plana,SND-3PTD-BRZ,,38,,limpio,false,,instock,2800,
2908,2917,Tres puntadas bronce,sandalia-plana,SND-3PTD-BRZ,,39,,limpio,false,,instock,2800,
2908,2918,Tres puntadas bronce,sandalia-plana,SND-3PTD-BRZ,,40,,limpio,false,,instock,2800,
2909,2920,Sandalia plana de espiral verde,sandalia-plana,SND-PLN-ESP-VDE,,35,,limpio,false,,instock,2800,
2909,2921,Sandalia plana de espiral verde,sandalia-plana,SND-PLN-ESP-VDE,,36,,limpio,false,,instock,2800,
2909,2922,Sandalia plana de espiral verde,sandalia-plana,SND-PLN-ESP-VDE,,37,,limpio,false,,instock,2800,
2909,2923,Sandalia plana de espiral verde,sandalia-plana,SND-PLN-ESP-VDE,,38,,limpio,false,,instock,2800,
2909,2924,Sandalia plana de espiral verde,sandalia-plana,SND-PLN-ESP-VDE,,39,,limpio,false,,instock,2800,
2909,2925,Sandalia plana de espiral verde,sandalia-plana,SND-PLN-ESP-VDE,,40,,limpio,false,,instock,2800,
2910,2927,Sandalia tiras  trenza,sandalia-plana,SND-PLN-TIR-TRZ,,35,,limpio,false,,instock,2800,
2910,2928,Sandalia tiras  trenza,sandalia-plana,SND-PLN-TIR-TRZ,,36,,limpio,false,,instock,2800,
2910,2929,Sandalia tiras  trenza,sandalia-plana,SND-PLN-TIR-TRZ,,37,,limpio,false,,instock,2800,
2910,2930,Sandalia tiras  trenza,sandalia-plana,SND-PLN-TIR-TRZ,,38,,limpio,false,,instock,2800,
2910,2931,Sandalia tiras  trenza,sandalia-plana,SND-PLN-TIR-TRZ,,39,,limpio,false,,instock,2800,
2910,2932,Sandalia tiras  trenza,sandalia-plana,SND-PLN-TIR-TRZ,,40,,limpio,false,,instock,2800,
2911,2934,Sandalia trapecio,sandalia-plana,SND-PLN-TRAP,,35,,limpio,false,,instock,2800,
2911,2935,Sandalia trapecio,sandalia-plana,SND-PLN-TRAP,,36,,limpio,false,,instock,2800,
2911,2936,Sandalia trapecio,sandalia-plana,SND-PLN-TRAP,,37,,limpio,false,,instock,2800,
2911,2937,Sandalia trapecio,sandalia-plana,SND-PLN-TRAP,,38,,limpio,false,,instock,2800,
2911,2938,Sandalia trapecio,sandalia-plana,SND-PLN-TRAP,,39,,limpio,false,,instock,2800,
2911,2939,Sandalia trapecio,sandalia-plana,SND-PLN-TRAP,,40,,limpio,false,,instock,2800,
2912,2941,Sandalias gladiadora,sandalia-plana,SND-PLN-GLAD,,35,,limpio,false,,instock,2800,
2912,2942,Sandalias gladiadora,sandalia-plana,SND-PLN-GLAD,,36,,limpio,false,,instock,2800,
2912,2946,Sandalias gladiadora,sandalia-plana,SND-PLN-GLAD,,37,,limpio,false,,instock,2800,
2912,2947,Sandalias gladiadora,sandalia-plana,SND-PLN-GLAD,,38,,limpio,false,,instock,2800,
2912,2948,Sandalias gladiadora,sandalia-plana,SND-PLN-GLAD,,39,,limpio,false,,instock,2800,
2912,2949,Sandalias gladiadora,sandalia-plana,SND-PLN-GLAD,,40,,limpio,false,,instock,2800,
2943,2951,Sandalia 8 trenzada,sandalia-plana,SND-PLN-8-TRZ,,35,,limpio,false,,instock,2800,
2943,2952,Sandalia 8 trenzada,sandalia-plana,SND-PLN-8-TRZ,,36,,limpio,false,,instock,2800,
2943,2953,Sandalia 8 trenzada,sandalia-plana,SND-PLN-8-TRZ,,37,,limpio,false,,instock,2800,
2943,2954,Sandalia 8 trenzada,sandalia-plana,SND-PLN-8-TRZ,,38,,limpio,false,,instock,2800,
2943,2955,Sandalia 8 trenzada,sandalia-plana,SND-PLN-8-TRZ,,39,,limpio,false,,instock,2800,
2943,2956,Sandalia 8 trenzada,sandalia-plana,SND-PLN-8-TRZ,,40,,limpio,false,,instock,2800,
2944,2958,Sandalia 8,sandalia-plana,SND-PLN-8,,35,,limpio,false,,instock,2800,
2944,2959,Sandalia 8,sandalia-plana,SND-PLN-8,,36,,limpio,false,,instock,2800,
2944,2960,Sandalia 8,sandalia-plana,SND-PLN-8,,37,,limpio,false,,instock,2800,
2944,2961,Sandalia 8,sandalia-plana,SND-PLN-8,,38,,limpio,false,,instock,2800,
2944,2962,Sandalia 8,sandalia-plana,SND-PLN-8,,39,,limpio,false,,instock,2800,
2944,2963,Sandalia 8,sandalia-plana,SND-PLN-8,,40,,limpio,false,,instock,2800,
2945,2965,Botas comb,botas,BOT-COMB,,35,,limpio,false,,instock,4500,
2945,2966,Botas comb,botas,BOT-COMB,,36,,limpio,false,,instock,4500,
2945,2967,Botas comb,botas,BOT-COMB,,37,,limpio,false,,instock,4500,
2945,2968,Botas comb,botas,BOT-COMB,,38,,limpio,false,,instock,4500,
2945,2969,Botas comb,botas,BOT-COMB,,39,,limpio,false,,instock,4500,
2945,2970,Botas comb,botas,BOT-COMB,,40,,limpio,false,,instock,4500,
3228,3229,Ballerinas doradas con broche de piedras,ballerinas,BALL-PAULA-TPE-1,,35,,sku_de_copia,false,,instock,2800.0,
3228,3230,Ballerinas doradas con broche de piedras,ballerinas,BALL-PAULA-TPE-1,,36,,sku_de_copia,false,,instock,2800.0,
3228,3231,Ballerinas doradas con broche de piedras,ballerinas,BALL-PAULA-TPE-1,,37,,sku_de_copia,false,,instock,2800.0,
3228,3232,Ballerinas doradas con broche de piedras,ballerinas,BALL-PAULA-TPE-1,,38,,sku_de_copia,false,,instock,2800.0,
3228,3233,Ballerinas doradas con broche de piedras,ballerinas,BALL-PAULA-TPE-1,,39,,sku_de_copia,false,,instock,2800.0,
3228,3234,Ballerinas doradas con broche de piedras,ballerinas,BALL-PAULA-TPE-1,,40,,sku_de_copia,false,,instock,2800.0,
3239,3240,Sandalias tiras amarrar negras,sandalia-plana,SND-PLN-8-TRZ-1,,35,,sku_de_copia,false,,instock,2800,
3239,3241,Sandalias tiras amarrar negras,sandalia-plana,SND-PLN-8-TRZ-1,,36,,sku_de_copia,false,,instock,2800,
3239,3242,Sandalias tiras amarrar negras,sandalia-plana,SND-PLN-8-TRZ-1,,37,,sku_de_copia,false,,instock,2800,
3239,3243,Sandalias tiras amarrar negras,sandalia-plana,SND-PLN-8-TRZ-1,,38,,sku_de_copia,false,,instock,2800,
3239,3244,Sandalias tiras amarrar negras,sandalia-plana,SND-PLN-8-TRZ-1,,39,,sku_de_copia,false,,instock,2800,
3239,3245,Sandalias tiras amarrar negras,sandalia-plana,SND-PLN-8-TRZ-1,,40,,sku_de_copia,false,,instock,2800,
3261,3262,Mule punta afilada champagne con tacon,sandalia-alta,SND-PLT-TIR-AMR-1,,35,,sku_de_copia,false,,instock,3000,
3261,3263,Mule punta afilada champagne con tacon,sandalia-alta,SND-PLT-TIR-AMR-1,,36,,sku_de_copia,false,,instock,3000,
3261,3264,Mule punta afilada champagne con tacon,sandalia-alta,SND-PLT-TIR-AMR-1,,37,,sku_de_copia,false,,instock,3000,
3261,3265,Mule punta afilada champagne con tacon,sandalia-alta,SND-PLT-TIR-AMR-1,,38,,sku_de_copia,false,,instock,3000,
3261,3266,Mule punta afilada champagne con tacon,sandalia-alta,SND-PLT-TIR-AMR-1,,39,,sku_de_copia,false,,instock,3000,
3261,3267,Mule punta afilada champagne con tacon,sandalia-alta,SND-PLT-TIR-AMR-1,,40,,sku_de_copia,false,,instock,3000,
3274,3275,Slingback punta afilada nude,sandalia-alta,SND-PLT-TIR-AMR-1-1,,35,,sku_de_copia,false,,instock,3000,
3274,3276,Slingback punta afilada nude,sandalia-alta,SND-PLT-TIR-AMR-1-1,,36,,sku_de_copia,false,,instock,3000,
3274,3277,Slingback punta afilada nude,sandalia-alta,SND-PLT-TIR-AMR-1-1,,37,,sku_de_copia,false,,instock,3000,
3274,3278,Slingback punta afilada nude,sandalia-alta,SND-PLT-TIR-AMR-1-1,,38,,sku_de_copia,false,,instock,3000,
3274,3279,Slingback punta afilada nude,sandalia-alta,SND-PLT-TIR-AMR-1-1,,39,,sku_de_copia,false,,instock,3000,
3274,3280,Slingback punta afilada nude,sandalia-alta,SND-PLT-TIR-AMR-1-1,,40,,sku_de_copia,false,,instock,3000,
3287,3288,Croc,ballerinas,BALL-PAULA-TPE-1-1,,35,,sku_de_copia,false,,instock,2800.0,
3287,3289,Croc,ballerinas,BALL-PAULA-TPE-1-1,,36,,sku_de_copia,false,,instock,2800.0,
3287,3290,Croc,ballerinas,BALL-PAULA-TPE-1-1,,37,,sku_de_copia,false,,instock,2800.0,
3287,3291,Croc,ballerinas,BALL-PAULA-TPE-1-1,,38,,sku_de_copia,false,,instock,2800.0,
3287,3292,Croc,ballerinas,BALL-PAULA-TPE-1-1,,39,,sku_de_copia,false,,instock,2800.0,
3287,3293,Croc,ballerinas,BALL-PAULA-TPE-1-1,,40,,sku_de_copia,false,,instock,2800.0,
3303,3304,Mafalda chocolate taches dorados,ballerinas,BALL-PAULA-TPE-1-1-1,,35,,sku_de_copia,false,,instock,2800.0,
3303,3305,Mafalda chocolate taches dorados,ballerinas,BALL-PAULA-TPE-1-1-1,,36,,sku_de_copia,false,,instock,2800.0,
3303,3306,Mafalda chocolate taches dorados,ballerinas,BALL-PAULA-TPE-1-1-1,,37,,sku_de_copia,false,,instock,2800.0,
3303,3307,Mafalda chocolate taches dorados,ballerinas,BALL-PAULA-TPE-1-1-1,,38,,sku_de_copia,false,,instock,2800.0,
3303,3308,Mafalda chocolate taches dorados,ballerinas,BALL-PAULA-TPE-1-1-1,,39,,sku_de_copia,false,,instock,2800.0,
3303,3309,Mafalda chocolate taches dorados,ballerinas,BALL-PAULA-TPE-1-1-1,,40,,sku_de_copia,false,,instock,2800.0,
3315,3316,Loafer suede café,ballerinas,BALL-PAULA-TPE-1-1-1-1,,35,,sku_de_copia,false,,instock,2800.0,
3315,3317,Loafer suede café,ballerinas,BALL-PAULA-TPE-1-1-1-1,,36,,sku_de_copia,false,,instock,2800.0,
3315,3318,Loafer suede café,ballerinas,BALL-PAULA-TPE-1-1-1-1,,37,,sku_de_copia,false,,instock,2800.0,
3315,3319,Loafer suede café,ballerinas,BALL-PAULA-TPE-1-1-1-1,,38,,sku_de_copia,false,,instock,2800.0,
3315,3320,Loafer suede café,ballerinas,BALL-PAULA-TPE-1-1-1-1,,39,,sku_de_copia,false,,instock,2800.0,
3315,3321,Loafer suede café,ballerinas,BALL-PAULA-TPE-1-1-1-1,,40,,sku_de_copia,false,,instock,2800.0,
3328,3329,Sandalia doble tira nude,sandalia-alta,SND-PLT-TIR-AMR-1-1-1,,35,,sku_de_copia,false,,instock,3000,
3328,3330,Sandalia doble tira nude,sandalia-alta,SND-PLT-TIR-AMR-1-1-1,,36,,sku_de_copia,false,,instock,3000,
3328,3331,Sandalia doble tira nude,sandalia-alta,SND-PLT-TIR-AMR-1-1-1,,37,,sku_de_copia,false,,instock,3000,
3328,3332,Sandalia doble tira nude,sandalia-alta,SND-PLT-TIR-AMR-1-1-1,,38,,sku_de_copia,false,,instock,3000,
3328,3333,Sandalia doble tira nude,sandalia-alta,SND-PLT-TIR-AMR-1-1-1,,39,,sku_de_copia,false,,instock,3000,
3328,3334,Sandalia doble tira nude,sandalia-alta,SND-PLT-TIR-AMR-1-1-1,,40,,sku_de_copia,false,,instock,3000,
3344,3345,Slingback flat mesh dorada,sandalia-plana,SND-PLN-8-TRZ-1-1,,35,,sku_de_copia,false,,instock,2800,
3344,3346,Slingback flat mesh dorada,sandalia-plana,SND-PLN-8-TRZ-1-1,,36,,sku_de_copia,false,,instock,2800,
3344,3347,Slingback flat mesh dorada,sandalia-plana,SND-PLN-8-TRZ-1-1,,37,,sku_de_copia,false,,instock,2800,
3344,3348,Slingback flat mesh dorada,sandalia-plana,SND-PLN-8-TRZ-1-1,,38,,sku_de_copia,false,,instock,2800,
3344,3349,Slingback flat mesh dorada,sandalia-plana,SND-PLN-8-TRZ-1-1,,39,,sku_de_copia,false,,instock,2800,
3344,3350,Slingback flat mesh dorada,sandalia-plana,SND-PLN-8-TRZ-1-1,,40,,sku_de_copia,false,,instock,2800,
3355,3356,Wedge cruzada negra,sandalia-alta,SND-PLT-TIR-AMR-1-1-1-1,,35,,sku_de_copia,false,,instock,3000,
3355,3357,Wedge cruzada negra,sandalia-alta,SND-PLT-TIR-AMR-1-1-1-1,,36,,sku_de_copia,false,,instock,3000,
3355,3358,Wedge cruzada negra,sandalia-alta,SND-PLT-TIR-AMR-1-1-1-1,,37,,sku_de_copia,false,,instock,3000,
3355,3359,Wedge cruzada negra,sandalia-alta,SND-PLT-TIR-AMR-1-1-1-1,,38,,sku_de_copia,false,,instock,3000,
3355,3360,Wedge cruzada negra,sandalia-alta,SND-PLT-TIR-AMR-1-1-1-1,,39,,sku_de_copia,false,,instock,3000,
3355,3361,Wedge cruzada negra,sandalia-alta,SND-PLT-TIR-AMR-1-1-1-1,,40,,sku_de_copia,false,,instock,3000,
3366,3367,Wedge fleco taupe,sandalia-alta,SND-PLT-TIR-AMR-1-1-1-1-1,,35,,sku_de_copia,false,,instock,3000,
3366,3368,Wedge fleco taupe,sandalia-alta,SND-PLT-TIR-AMR-1-1-1-1-1,,36,,sku_de_copia,false,,instock,3000,
3366,3369,Wedge fleco taupe,sandalia-alta,SND-PLT-TIR-AMR-1-1-1-1-1,,37,,sku_de_copia,false,,instock,3000,
3366,3370,Wedge fleco taupe,sandalia-alta,SND-PLT-TIR-AMR-1-1-1-1-1,,38,,sku_de_copia,false,,instock,3000,
3366,3371,Wedge fleco taupe,sandalia-alta,SND-PLT-TIR-AMR-1-1-1-1-1,,39,,sku_de_copia,false,,instock,3000,
3366,3372,Wedge fleco taupe,sandalia-alta,SND-PLT-TIR-AMR-1-1-1-1-1,,40,,sku_de_copia,false,,instock,3000,
3379,3380,Loafer clásico,ballerinas,BALL-PAULA-TPE-1-1-1-1-1,,35,,sku_de_copia,false,,instock,2800.0,
3379,3381,Loafer clásico,ballerinas,BALL-PAULA-TPE-1-1-1-1-1,,36,,sku_de_copia,false,,instock,2800.0,
3379,3382,Loafer clásico,ballerinas,BALL-PAULA-TPE-1-1-1-1-1,,37,,sku_de_copia,false,,instock,2800.0,
3379,3383,Loafer clásico,ballerinas,BALL-PAULA-TPE-1-1-1-1-1,,38,,sku_de_copia,false,,instock,2800.0,
3379,3384,Loafer clásico,ballerinas,BALL-PAULA-TPE-1-1-1-1-1,,39,,sku_de_copia,false,,instock,2800.0,
3379,3385,Loafer clásico,ballerinas,BALL-PAULA-TPE-1-1-1-1-1,,40,,sku_de_copia,false,,instock,2800.0,
3391,3392,Tacon mule cruzado plateado,sandalia-alta,SND-PLT-TIR-AMR-1-1-1-1-1-1,,35,,sku_de_copia,false,,instock,3000,
3391,3393,Tacon mule cruzado plateado,sandalia-alta,SND-PLT-TIR-AMR-1-1-1-1-1-1,,36,,sku_de_copia,false,,instock,3000,
3391,3394,Tacon mule cruzado plateado,sandalia-alta,SND-PLT-TIR-AMR-1-1-1-1-1-1,,37,,sku_de_copia,false,,instock,3000,
3391,3395,Tacon mule cruzado plateado,sandalia-alta,SND-PLT-TIR-AMR-1-1-1-1-1-1,,38,,sku_de_copia,false,,instock,3000,
3391,3396,Tacon mule cruzado plateado,sandalia-alta,SND-PLT-TIR-AMR-1-1-1-1-1-1,,39,,sku_de_copia,false,,instock,3000,
3391,3397,Tacon mule cruzado plateado,sandalia-alta,SND-PLT-TIR-AMR-1-1-1-1-1-1,,40,,sku_de_copia,false,,instock,3000,
3404,3405,Slingback punta afilada nude taches,ballerinas,BALL-PAULA-TPE-1-1-1-1-1-1,,35,,sku_de_copia,false,,instock,2800.0,
3404,3406,Slingback punta afilada nude taches,ballerinas,BALL-PAULA-TPE-1-1-1-1-1-1,,36,,sku_de_copia,false,,instock,2800.0,
3404,3407,Slingback punta afilada nude taches,ballerinas,BALL-PAULA-TPE-1-1-1-1-1-1,,37,,sku_de_copia,false,,instock,2800.0,
3404,3408,Slingback punta afilada nude taches,ballerinas,BALL-PAULA-TPE-1-1-1-1-1-1,,38,,sku_de_copia,false,,instock,2800.0,
3404,3409,Slingback punta afilada nude taches,ballerinas,BALL-PAULA-TPE-1-1-1-1-1-1,,39,,sku_de_copia,false,,instock,2800.0,
3404,3410,Slingback punta afilada nude taches,ballerinas,BALL-PAULA-TPE-1-1-1-1-1-1,,40,,sku_de_copia,false,,instock,2800.0,
3416,3417,Sandalia flat doble tira trenzada topo,sandalia-plana,SND-PLN-8-TRZ-1-1-1,,35,,sku_de_copia,false,,instock,2800,
3416,3418,Sandalia flat doble tira trenzada topo,sandalia-plana,SND-PLN-8-TRZ-1-1-1,,36,,sku_de_copia,false,,instock,2800,
3416,3419,Sandalia flat doble tira trenzada topo,sandalia-plana,SND-PLN-8-TRZ-1-1-1,,37,,sku_de_copia,false,,instock,2800,
3416,3420,Sandalia flat doble tira trenzada topo,sandalia-plana,SND-PLN-8-TRZ-1-1-1,,38,,sku_de_copia,false,,instock,2800,
3416,3421,Sandalia flat doble tira trenzada topo,sandalia-plana,SND-PLN-8-TRZ-1-1-1,,39,,sku_de_copia,false,,instock,2800,
3416,3422,Sandalia flat doble tira trenzada topo,sandalia-plana,SND-PLN-8-TRZ-1-1-1,,40,,sku_de_copia,false,,instock,2800,
3428,3429,Peep toe topo,sandalia-alta,SND-PLT-TIR-AMR-1-1-1-1-1-1-1,,35,,sku_de_copia,false,,instock,3000,
3428,3430,Peep toe topo,sandalia-alta,SND-PLT-TIR-AMR-1-1-1-1-1-1-1,,36,,sku_de_copia,false,,instock,3000,
3428,3431,Peep toe topo,sandalia-alta,SND-PLT-TIR-AMR-1-1-1-1-1-1-1,,37,,sku_de_copia,false,,instock,3000,
3428,3432,Peep toe topo,sandalia-alta,SND-PLT-TIR-AMR-1-1-1-1-1-1-1,,38,,sku_de_copia,false,,instock,3000,
3428,3433,Peep toe topo,sandalia-alta,SND-PLT-TIR-AMR-1-1-1-1-1-1-1,,39,,sku_de_copia,false,,instock,3000,
3428,3434,Peep toe topo,sandalia-alta,SND-PLT-TIR-AMR-1-1-1-1-1-1-1,,40,,sku_de_copia,false,,instock,3000,
3440,3441,Sandalia flip flop plateada con canutillos,sandalia-plana,SND-PLN-8-TRZ-1-1-1-1,,35,,sku_de_copia,false,,instock,2800,
3440,3442,Sandalia flip flop plateada con canutillos,sandalia-plana,SND-PLN-8-TRZ-1-1-1-1,,36,,sku_de_copia,false,,instock,2800,
3440,3443,Sandalia flip flop plateada con canutillos,sandalia-plana,SND-PLN-8-TRZ-1-1-1-1,,37,,sku_de_copia,false,,instock,2800,
3440,3444,Sandalia flip flop plateada con canutillos,sandalia-plana,SND-PLN-8-TRZ-1-1-1-1,,38,,sku_de_copia,false,,instock,2800,
3440,3445,Sandalia flip flop plateada con canutillos,sandalia-plana,SND-PLN-8-TRZ-1-1-1-1,,39,,sku_de_copia,false,,instock,2800,
3440,3446,Sandalia flip flop plateada con canutillos,sandalia-plana,SND-PLN-8-TRZ-1-1-1-1,,40,,sku_de_copia,false,,instock,2800,
3597,3598,Suecos cucarrones azul,ballerinas,SUE-CUCARRON-TPE-1,,35,,sku_de_copia,false,,instock,2800.0,
3597,3599,Suecos cucarrones azul,ballerinas,SUE-CUCARRON-TPE-1,,36,,sku_de_copia,false,,instock,2800.0,
3597,3600,Suecos cucarrones azul,ballerinas,SUE-CUCARRON-TPE-1,,37,,sku_de_copia,false,,instock,2800.0,
3597,3601,Suecos cucarrones azul,ballerinas,SUE-CUCARRON-TPE-1,,38,,sku_de_copia,false,,instock,2800.0,
3597,3602,Suecos cucarrones azul,ballerinas,SUE-CUCARRON-TPE-1,,39,,sku_de_copia,false,,instock,2800.0,
3597,3603,Suecos cucarrones azul,ballerinas,SUE-CUCARRON-TPE-1,,40,,sku_de_copia,false,,instock,2800.0,
