0.5	0.00	5.07	nota 1 · portada
6.9	8.17	19.01	nota 2 · 01 taller (desde "Cada par…")
19.3	240.45	253.75	v3 · 02 tiendas (2026-10-08, nota Cali) · Desde Cali, nuestra matriz y también tienda, hasta Polanco… esté donde esté
32.3	157.14	160.54	v2 · 03a · Todo puede empezar con un descubrimiento en Instagram
35.9	160.54	164.24	v2 · 03b · La clienta encuentra su modelo, elige color y talla
41.4	164.29	169.79	v2 · 03c · Si tiene una duda, Hilo está ahí… incluso a encontrar su talla
48.6	169.99	173.84	v2 · 03d · Agrega su par y paga de forma sencilla y segura
56.4	174.09	175.44	v2 · 03e · Pedido confirmado
59.9	175.69	176.72	v2 · 03f · aviso por WhatsApp
61.2	176.72	179.94	v2 · 03g · y puntos Fuxia que se acumulan automáticamente
64.5	183.48	187.23	v2 · 04a · Y con Club Fuxia todo sigue conectado
68.3	187.63	189.33	v2 · 04b · Su tarjeta vive en el celular
70.05	189.63	193.63	v2 · 04c · En tienda escaneamos su QR y sus puntos llegan al instante
74.1	193.93	197.88	v2 · 04d · Puede consultar sus compras, seguir sus pedidos y hablar con Hilo ("desde un mismo lugar" fuera por tiempo)
78.46	202.01	230.61	v2 · 05 Fuxia 360 (completa)
108.6	97.63	111.00	nota 6 · 06 más ventas
124.4	231.72	239.27	v2 · 07 cierre · Diseñar, fabricar, conectar, crecer. Fuxia Ballerinas te acompaña en cada paso
